title,link,source,published_str,pub_date,doi,last_author,abstract,abstract_source,must_have_abstract
Publisher Correction: Chemical efflux imaging using an annular nanosensor array for in situ bladder cancer detection,https://www.nature.com/articles/s41565-026-02239-5,Nature Nanotechnology,2026-07-06 00:00:00 UTC,2026-07-06 00:00:00+00:00,10.1038/s41565-026-02239-5,Michael S. Strano,,,0
Out-of-plane Ruddlesden–Popper ferroelectrics catch a break,https://www.nature.com/articles/s41928-026-01665-6,Nature Electronics,2026-07-06 00:00:00 UTC,2026-07-06 00:00:00+00:00,10.1038/s41928-026-01665-6,Zhenxing Yue,,,0
Alleviating future groundwater stress in China requires more stringent adaptation beyond existing measures,https://www.cell.com/one-earth/fulltext/S2590-3322(26)00154-5?rss=yes,One Earth,2026-07-06 00:00:00 UTC,2026-07-06 00:00:00+00:00,10.1016/j.oneear.2026.101753,Qiuhong Tang,,,0
Evaluating the biodiversity commitments of Earth’s keystone corporations,https://www.cell.com/one-earth/fulltext/S2590-3322(26)00148-X?rss=yes,One Earth,2026-07-06 00:00:00 UTC,2026-07-06 00:00:00+00:00,10.1016/j.oneear.2026.101747,Sophus O.S.E. zu Ermgassen,,,0
Nitrogen-doped amorphous carbon as atomically thin monolithic membrane,https://www.cell.com/matter/fulltext/S2590-2385(26)00274-2?rss=yes,Matter,2026-07-06 00:00:00 UTC,2026-07-06 00:00:00+00:00,10.1016/j.matt.2026.102911,Lei Liu,"Atomically thin amorphous materials combine the benefits of two-dimensional geometry and structural disorder. Here, we report a remote plasma-assisted method to synthesize nitrogen-doped amorphous carbon (NDAC) membranes with continuously tunable thickness from sub-1 nm to several nanometers and demonstrate its application prospects in electron transmission and copper diffusion barrier fields. This work enables NDAC as a candidate for next-generation electronics and barrier coatings requiring extreme thickness, continuity, and isotropy.",rss_cell,0
The conformational multiplicity effect: Dictating graded order in supramolecular zwitterionic polymers,https://www.cell.com/matter/fulltext/S2590-2385(26)00273-0?rss=yes,Matter,2026-07-06 00:00:00 UTC,2026-07-06 00:00:00+00:00,10.1016/j.matt.2026.102910,Ben Zhong Tang,"Controlling aggregate morphology in supramolecular ionic polymers is challenging with traditional binary monomer systems. Inspired by biological conformational multiplicity, we use a single fluorescent zwitterionic monomer to achieve selective self-assembly into crystalline, gel, or amorphous states. This minimalist, designable approach enables real-time visualization of gelation and yields a high-performance anode protection material for aqueous zinc-ion batteries, offering broad potential for functional supramolecular materials.",rss_cell,0
Deep learning-based health monitoring and prognostics for nuclear power plants: a systematic review,https://www.sciencedirect.com/science/article/pii/S0306261926009062?dgcid=rss_sd_all,ScienceDirect Publication: Applied Energy,2026-07-06 00:00:00 UTC,2026-07-06 00:00:00+00:00,,Xuefeng Chen,,,0
Wind power forecasting with deep representation: A survey,https://www.sciencedirect.com/science/article/pii/S0306261926007580?dgcid=rss_sd_all,ScienceDirect Publication: Applied Energy,2026-07-06 00:00:00 UTC,2026-07-06 00:00:00+00:00,,Haibin Zhang,,,0
Energy modeling for a low-carbon future and global decarbonization,https://www.sciencedirect.com/science/article/pii/S0306261926008688?dgcid=rss_sd_all,ScienceDirect Publication: Applied Energy,2026-07-06 00:00:00 UTC,2026-07-06 00:00:00+00:00,,Muhammad Shahzad Zafar,,,0
A review of electrochemical process-driven recycling and regeneration technologies for lithium-ion batteries,https://www.sciencedirect.com/science/article/pii/S0306261926008263?dgcid=rss_sd_all,ScienceDirect Publication: Applied Energy,2026-07-06 00:00:00 UTC,2026-07-06 00:00:00+00:00,,Dean Pan,,,0
Dynamic multi-objective operation optimization of dimethyl oxalate hydrogenation process under green hydrogen flow fluctuation,https://www.sciencedirect.com/science/article/pii/S030626192600749X?dgcid=rss_sd_all,ScienceDirect Publication: Applied Energy,2026-07-06 00:00:00 UTC,2026-07-06 00:00:00+00:00,,Jian Chu,,,0
Data-driven energy sharing in collective self-consumption communities: a medium-term predictive ensemble framework,https://www.sciencedirect.com/science/article/pii/S0306261926009256?dgcid=rss_sd_all,ScienceDirect Publication: Applied Energy,2026-07-06 00:00:00 UTC,2026-07-06 00:00:00+00:00,,Jose Miguel Riquelme-Dominguez,,,0
Spatiotemporal supply-demand matching in residential building rooftop photovoltaics (PV) under climate change: a cross-climate zone assessment,https://www.sciencedirect.com/science/article/pii/S0306261926008640?dgcid=rss_sd_all,ScienceDirect Publication: Applied Energy,2026-07-06 00:00:00 UTC,2026-07-06 00:00:00+00:00,,Jian Zuo,,,0
Enhancing current distribution estimation in parallel battery modules using neural network ensembles,https://www.sciencedirect.com/science/article/pii/S0306261926008962?dgcid=rss_sd_all,ScienceDirect Publication: Applied Energy,2026-07-06 00:00:00 UTC,2026-07-06 00:00:00+00:00,,Limei Wang,,,0
Dynamic responses of wind turbines under unwaked and waked conditions,https://www.sciencedirect.com/science/article/pii/S0306261926009098?dgcid=rss_sd_all,ScienceDirect Publication: Applied Energy,2026-07-06 00:00:00 UTC,2026-07-06 00:00:00+00:00,,Zheng Li,,,0
Spectrally selective c-Si agrivoltaic modules: Evaluating a new approach,https://www.sciencedirect.com/science/article/pii/S0306261926009207?dgcid=rss_sd_all,ScienceDirect Publication: Applied Energy,2026-07-06 00:00:00 UTC,2026-07-06 00:00:00+00:00,,Timothy W. Schmidt,,,0
Prediction of high-frequency resistance for automotive PEMFC stacks using a Bayesian-optimized LSTM-XGBoost fusion model,https://www.sciencedirect.com/science/article/pii/S030626192600872X?dgcid=rss_sd_all,ScienceDirect Publication: Applied Energy,2026-07-06 00:00:00 UTC,2026-07-06 00:00:00+00:00,,Zixuan Cheng,,,0
Steady-state dynamics of an offshore hybrid wind-wave energy conversion system,https://www.sciencedirect.com/science/article/pii/S0306261926008810?dgcid=rss_sd_all,ScienceDirect Publication: Applied Energy,2026-07-06 00:00:00 UTC,2026-07-06 00:00:00+00:00,,Feifei Cao,,,0
Dynamic degradation mechanisms of PEM water electrolysis membrane electrode assembly under multiple operating conditions,https://www.sciencedirect.com/science/article/pii/S0306261926008755?dgcid=rss_sd_all,ScienceDirect Publication: Applied Energy,2026-07-06 00:00:00 UTC,2026-07-06 00:00:00+00:00,,Depeng Kong,,,0
Integrated multiscale modeling and coordinated balance-of-plant optimization to maximize vehicle system efficiency in a heavy-duty fuel cell electric vehicle,https://www.sciencedirect.com/science/article/pii/S0306261926009128?dgcid=rss_sd_all,ScienceDirect Publication: Applied Energy,2026-07-06 00:00:00 UTC,2026-07-06 00:00:00+00:00,,Kyoungdoug Min,,,0
Physics-informed neural networks for wind turbine wake prediction: Constraint hierarchy under varying data density,https://www.sciencedirect.com/science/article/pii/S0306261926008901?dgcid=rss_sd_all,ScienceDirect Publication: Applied Energy,2026-07-06 00:00:00 UTC,2026-07-06 00:00:00+00:00,,Yong Jiang,,,0
A stochastic simulation framework for EV charging station dynamic pricing with leader-driven dream optimization algorithm,https://www.sciencedirect.com/science/article/pii/S0306261926008998?dgcid=rss_sd_all,ScienceDirect Publication: Applied Energy,2026-07-06 00:00:00 UTC,2026-07-06 00:00:00+00:00,,YuanBin Mo,,,0
Digital twin-driven deep reinforcement learning for coordinated scheduling and state prediction of distributed energy storage clusters,https://www.sciencedirect.com/science/article/pii/S0306261926009049?dgcid=rss_sd_all,ScienceDirect Publication: Applied Energy,2026-07-06 00:00:00 UTC,2026-07-06 00:00:00+00:00,,Li Zhou,,,0
Adaptive risk-difference-based network pricing for shared energy storage in distribution networks,https://www.sciencedirect.com/science/article/pii/S0306261926009153?dgcid=rss_sd_all,ScienceDirect Publication: Applied Energy,2026-07-06 00:00:00 UTC,2026-07-06 00:00:00+00:00,,Siyu Ma,,,0
"How geopolitical risks, green finance, and environmental technologies dynamics shape energy trilemma in BRICS economies?",https://www.sciencedirect.com/science/article/pii/S0301421526003873?dgcid=rss_sd_all,ScienceDirect Publication: Energy Policy,2026-07-06 00:00:00 UTC,2026-07-06 00:00:00+00:00,,Daniel Balsalobre-Lorente,,,0
Alleviating energy poverty through grid modernization: Micro-evidence from China's ultra-high-voltage transmission projects,https://www.sciencedirect.com/science/article/pii/S030142152600385X?dgcid=rss_sd_all,ScienceDirect Publication: Energy Policy,2026-07-06 00:00:00 UTC,2026-07-06 00:00:00+00:00,,Xin Zhao,,,0
How do green certificate and carbon emission trading impact clean energy investment? Evidence from evolutionary game modeling,https://www.sciencedirect.com/science/article/pii/S0301421526003691?dgcid=rss_sd_all,ScienceDirect Publication: Energy Policy,2026-07-06 00:00:00 UTC,2026-07-06 00:00:00+00:00,,Lei Cheng,,,0
Financial inclusion and access to clean cooking fuels and technologies under uncertainty in emerging and developing countries,https://www.sciencedirect.com/science/article/pii/S0301421526003824?dgcid=rss_sd_all,ScienceDirect Publication: Energy Policy,2026-07-06 00:00:00 UTC,2026-07-06 00:00:00+00:00,,Haithem Awijen,,,0
Temporal potential-induced regulation for extending alkaline electrolyzer lifespan under power fluctuations,https://www.cell.com/joule/fulltext/S2542-4351(26)00227-8?rss=yes,Joule,2026-07-06 00:00:00 UTC,2026-07-06 00:00:00+00:00,10.1016/j.joule.2026.102543,Shixue Dou,"Xia et al. report the temporal potential-induced regulation for large-scale alkaline water electrolyzers. Without modifying the catalyst and electrolyzer structures, this approach extends AWE durability via power supply optimization, providing a scalable and effective pathway. This work bridges electrical engineering and electrochemistry, advancing the integration of renewable energy into hydrogen infrastructure.",rss_cell,0
Collateral impact: U.S.-China tensions and energy transition in third countries,https://www.sciencedirect.com/science/article/pii/S0301421526003605?dgcid=rss_sd_all,ScienceDirect Publication: Energy Policy,2026-07-06 00:00:00 UTC,2026-07-06 00:00:00+00:00,,Qianying Chen,,,0
Reconciling fiscal resilience with low-carbon energy goals: Sri Lanka's carbon-aligned fuel pricing,https://www.sciencedirect.com/science/article/pii/S0301421526003927?dgcid=rss_sd_all,ScienceDirect Publication: Energy Policy,2026-07-06 00:00:00 UTC,2026-07-06 00:00:00+00:00,,HyeMin Park,,,0
Deep-sea oddities and boatloads of other new species — June’s best science images,https://www.nature.com/articles/d41586-026-02087-2,Nature,2026-07-06 00:00:00 UTC,2026-07-06 00:00:00+00:00,10.1038/d41586-026-02087-2,Dhruv Shenai,,,0
Overcoming the Dexter distance constraint: a relay strategy for asymmetric photocatalysis,https://academic.oup.com/nsr/advance-article/doi/10.1093/nsr/nwag410/8725478?rss=1,National Science Review Advance Access,2026-07-06 00:00:00 UTC,2026-07-06 00:00:00+00:00,10.1093/nsr/nwag410,Jie Wu,,,0
Breaking steric hindrance restriction: compressed metal bonds realizing deep-level orbital delocalization,https://academic.oup.com/nsr/advance-article/doi/10.1093/nsr/nwag388/8725481?rss=1,National Science Review Advance Access,2026-07-06 00:00:00 UTC,2026-07-06 00:00:00+00:00,10.1093/nsr/nwag388,Yi Xie,"The introduction of large functional groups is a well-established strategy to enhance the stability and value of chemicals. However, the accompanying steric hindrance effects can significantly impede reaction progress, presenting a critical dilemma in synthetic design. Herein, a vacancy-constrained strategy was proposed to breaking steric hindrance restriction by realizing the deep-level delocalization of catalyst with compressed metal bonds. In detail, the delocalized deep-level orbit exhibits strong penetrating capability to overcome the steric hindrance effect of large functional groups by enhancing the charge-transfer process between the active sites and substrates. By taking bismuth atoms supported on defective CeO2 as an example, an ‘O4-Bi-Bi-O4’ ensemble was constructed by confining two adjacent Bi atoms in the vacancy of CeO2 nanosheets, where the Bi–Bi bond was strongly constrained from 3.10 Å to 3.05 Å. Such a functional Bi2/CeO2 catalyst exhibits enhanced photocatalytic efficiency in overcoming the steric hindrance from large functional groups, which is three times and two times higher than that of Bi single-atom catalyst and Bi clusters catalyst. This work proposed an applicable way in overcoming steric hindrance effects during high value-added chemical synthesis.",rss_oup,0
"Catecholamine modulation of frontal cortical ignition during wakefulness, sleep, and anesthesia",https://academic.oup.com/nsr/advance-article/doi/10.1093/nsr/nwag412/8725483?rss=1,National Science Review Advance Access,2026-07-06 00:00:00 UTC,2026-07-06 00:00:00+00:00,10.1093/nsr/nwag412,Yang Dan,"Conscious awareness—diminished during non-rapid-eye-movement (NREM) sleep and general anesthesia—is prevalent during wakefulness, but the underlying mechanism remains poorly understood. Here we show that activity of catecholamine neurons, known to be higher during wakefulness than NREM sleep, enhances cortical ignition, a process closely associated with conscious awareness. Chemogenetic activation and inactivation of catecholamine neurons, particularly dopaminergic neurons in the ventral tegmental area (VTA), respectively increased and decreased the amplitude of anterior cingulate area (ACA) excitation evoked by visual cortex (V1) stimulation. Ketamine and isoflurane, two commonly used general anesthetics, greatly reduced V1-to-ACA activity propagation. In addition to suppressing ongoing cortical activity, these general anesthetics significantly reduced the activity of VTA dopaminergic and basal forebrain (BF) cholinergic neurons, with dopaminergic activity dropping well below its level during NREM sleep. The strong inhibition of frontal cortical activity evoked by V1 stimulation, prominent during NREM sleep, was also absent under ketamine and isoflurane anesthesia. These results indicate that general anesthesia and NREM sleep suppress global ignition through overlapping but non-identical mechanisms.",rss_oup,0
NIR-II photothermal-driven pulsatile PTH release for osteoporotic bone repair,https://academic.oup.com/nsr/advance-article/doi/10.1093/nsr/nwag407/8725485?rss=1,National Science Review Advance Access,2026-07-06 00:00:00 UTC,2026-07-06 00:00:00+00:00,10.1093/nsr/nwag407,Changsheng Liu,"Integrating light-controlled intelligent materials into 3D printing technology holds great promise for bone tissue engineering, enabling spatiotemporal control over in situ drug dosing. However, this integration faces a critical molecular design challenge, as incorporated photoresponsive molecules must simultaneously fulfill the dual demands of high UV-stability during UV-mediated photopolymerization, and strong long-wavelength absorption for deep-tissue activation. Here, we report a wavelength-selective quinolinium dye (QC7CN) as photoresponsive ‘dye ink’ for addressing this dilemma. This dye features high UV-transparency that ensures stability during printing process, while possessing robust second near infrared (NIR-II) absorbance for deep-seated photothermal responsiveness. Leveraging these properties, we engineer a NIR-II light-controlled 3D-printed scaffold, composed of methacryloylated gelatin and calcium phosphate oligomers as printing matrix, thermosensitive phase-transformable microspheres as parathyroid hormone (PTH) drug carrier, and QC7CN as photothermal trigger. Upon NIR-II laser irradiation, QC7CN induces localized mild hyperthermia to drive gel-sol phase transition of microspheres, thereby manipulating pulsatile PTH release for deep-tissue osteoporotic bone repair. As such, our study provides a full demonstration in molecular design and additive manufacturing to push the limits of intelligent materials in precision medicine.",rss_oup,0
Time to give hydration breaks the red card? What science says about keeping cool,https://www.nature.com/articles/d41586-026-02097-0,Nature,2026-07-06 00:00:00 UTC,2026-07-06 00:00:00+00:00,10.1038/d41586-026-02097-0,Harry Brown,,,0
The rise of computer chips — and the race to control them,https://www.nature.com/articles/d41586-026-02099-y,Nature,2026-07-06 00:00:00 UTC,2026-07-06 00:00:00+00:00,10.1038/d41586-026-02099-y,Chris Stokel-Walker,,,0
Universities are relying on AI-detection software to catch cheating. How well do the programs work?,https://www.nature.com/articles/d41586-026-01358-2,Nature,2026-07-06 00:00:00 UTC,2026-07-06 00:00:00+00:00,10.1038/d41586-026-01358-2,Anna McKie,,,0
Germanium ligand redox cooperativity: A key to ambiphilicity and switchable two- and four-electron transfer,https://www.cell.com/chem/fulltext/S2451-9294(26)00193-2?rss=yes,Chem,2026-07-06 00:00:00 UTC,2026-07-06 00:00:00+00:00,10.1016/j.chempr.2026.103127,Seung Jun Hwang,"This work shows that a main-group compound can be designed to engage in multielectron transfer chemistry often associated with transition metals. By pairing germanium with a redox-active ligand, the molecule can direct either two- or four-electron pathways and display both electron-donating and electron-accepting behavior at one site. This design offers a simple principle for building more versatile, earth-abundant systems for oxygen activation and related transformations in main-group chemistry.",rss_cell,0
From cloning to gene-editing: the enduring legacy of Dolly the sheep,https://www.nature.com/articles/d41586-026-02096-1,Nature,2026-07-06 00:00:00 UTC,2026-07-06 00:00:00+00:00,10.1038/d41586-026-02096-1,,,,0
Twist-angle-controlled anomalous gating in bilayer graphene/BN heterostructures,https://www.nature.com/articles/s41563-026-02667-7,Nature Materials,2026-07-06 00:00:00 UTC,2026-07-06 00:00:00+00:00,10.1038/s41563-026-02667-7,Rebeca Ribeiro-Palau,"Anomalous gating effects—such as ineffective electrostatic control and strong hysteresis in resistance—have been observed in graphene-based systems encapsulated in boron nitride (BN) and linked to a possible ferroelectric state. However, their origin, stability and reproducibility remain under debate. Here we show, using dual-gated, dynamically rotatable van der Waals heterostructures based on bilayer graphene encapsulated in BN, that the angular alignment between the two BN layers—rather than the presence of a moiré superlattice with graphene—is the key parameter governing these effects. The relevant alignment between the two BN layers, to observe the anomalous gating effect at room temperature, lies between approximately 15° and 45°, with no evidence of the expected 60° periodicity. Both gate ineffectiveness and hysteresis are highly sensitive to small angular changes, which we classify into three distinct regimes. Our results clarify the conditions necessary to reproduce these phenomena and pave the way for theoretical investigation of their microscopic origins.",nature_html,0
Engineered living materials need engineered EU regulation,https://www.nature.com/articles/s41563-026-02651-1,Nature Materials,2026-07-06 00:00:00 UTC,2026-07-06 00:00:00+00:00,10.1038/s41563-026-02651-1,Justus Wesseler,,,0
Charged grain boundaries limit short-circuit endurance in garnet solid-state battery electrolytes,https://www.nature.com/articles/s41565-026-02206-0,Nature Nanotechnology,2026-07-06 00:00:00 UTC,2026-07-06 00:00:00+00:00,10.1038/s41565-026-02206-0,Jennifer L. M. Rupp,"Grain boundaries in lithium lanthanum zirconate solid-state electrolytes feature elevated electronic conduction and act as preferential sites for the nucleation of electrically isolated lithium metal during galvanostatic cycling in battery cells. However, the origin of local electronic conductivity variations remains unresolved. Here we show that lithium lanthanum zirconate grain boundaries carry ionic built-in charge, with lithium vacancies accumulating at the interface generating localized electric potentials (−0.15 V at 20 °C). This potential alters carrier distributions near the grain boundary, impeding ionic transport and increasing electronic conduction by a factor of 30 compared with bulk. This imbalance initiates internal lithium metal nucleation during cell operation and accelerates short-circuit failure. To mitigate charge build-up, we propose tailoring the processing oxygen activity and dopant stoichiometry, precisely tuning atomic-scale chemistry and interfacial potential. These modifications homogenize ionic transport and reduce electronic leakage, enabling the intrinsic critical current density to 1 mA cm−2. Our findings uncover how local defect landscapes shape charge transport and provide a pathway for chemically guided optimization of inorganic solid-state electrolytes at the nanoscale.",nature_html,0
Clocked stepping of an artificial protein walker along a DNA track,https://www.nature.com/articles/s41565-026-02211-3,Nature Nanotechnology,2026-07-06 00:00:00 UTC,2026-07-06 00:00:00+00:00,10.1038/s41565-026-02211-3,Paul M. G. Curmi,"Molecular motors are fundamental to life because they transduce free energy into mechanical work, a capability rooted in the chemical and structural complexity of their constituent proteins. Although motors based on small molecules and DNA have been developed, the creation of an artificial protein motor has remained an elusive goal in synthetic biology. Here we report the realization of an artificial, externally controlled protein motor, termed Tumbleweed (TW). TW was engineered using a modular design strategy that combines proteins with well-characterized properties to produce emergent motor function and directionality. TW comprises three ‘legs’, each containing a ligand-gated DNA-binding domain that enables selective interaction with specific sites along a DNA track. Using single-molecule fluorescence assays in conjunction with a programmable microfluidic device, we show that TW takes directional 16 nm steps along a designed DNA substrate in response to a defined sequence of ligand inputs. Moreover, both the timing and direction of stepping can be precisely controlled on a timescale of seconds. This approach provides a versatile platform for engineering dynamic and sophisticated protein-based nanomachines, as well as for probing the physical principles governing protein walkers with precisely defined architectures.",nature_html,0
Spectral visualization of excitonic pair breaking at individual impurities in Ta2Pd3Te5,https://www.nature.com/articles/s41565-026-02218-w,Nature Nanotechnology,2026-07-06 00:00:00 UTC,2026-07-06 00:00:00+00:00,10.1038/s41565-026-02218-w,Ying-Shuang Fu,"Excitonic insulators host the condensates of bound electron–hole pairs, offering a platform for studying correlated bosonic quantum states and for next-generation device applications. However, how macroscopic coherence emerges from locally collapsed pairing remains elusive. Here, using scanning tunnelling spectroscopy, we report the impurity-induced pair breaking in the excitonic insulator Ta2Pd3Te5. Individual Te vacancies generate a pair of spectral peaks within the excitonic gap. Their energies depend sensitively on the defect configurations and are continuously tunable using tip electric field, indicating controllable impurity scatterings. Spectral mapping shows spatially anisotropic and electronically coupled electron–hole components of the subgap states. These observations, together with mean-field modelling, suggest an excitonic pair-breaking origin. In the strongly electron–hole-imbalanced region, a secondary pair-breaking effect, manifesting an additional pair of subgap states with distinctly lower energies, emerges and displays the interplay of pairing breakings with different excitonic order parameters. Our findings demonstrate the spectroscopic fingerprint of local excitonic depairing at the atomic level, offering a crucial clue to the critical behaviour across excitonic condensation.",nature_html,0
Stepping ahead toward custom-designed autonomous motor proteins,https://www.nature.com/articles/s41565-026-02210-4,Nature Nanotechnology,2026-07-06 00:00:00 UTC,2026-07-06 00:00:00+00:00,10.1038/s41565-026-02210-4,Ryota Iino,,,0
A non-viral path to efficient and safe prime editing in vivo,https://www.nature.com/articles/s41565-026-02205-1,Nature Nanotechnology,2026-07-06 00:00:00 UTC,2026-07-06 00:00:00+00:00,10.1038/s41565-026-02205-1,Hyongbum Henry Kim,,,0
Multimodal scanning-probe quantum sensing of quantum materials,https://www.nature.com/articles/s41563-026-02648-w,Nature Materials,2026-07-06 00:00:00 UTC,2026-07-06 00:00:00+00:00,10.1038/s41563-026-02648-w,Chunhui Rita Du,"Spin-defect-based quantum microscopy has recently made transformative advances in cutting-edge scientific research and technological innovation. The high sensitivity, high spatial resolution and excellent measurement modalities of quantum spin defects open up a range of opportunities at the forefront of condensed-matter physics research. Many of the advantages of this approach result from the quantum mechanical nature of the sensors, which offer functionalities that are not available with their classical counterparts. In this Review, we provide an overview of progress on scanning-probe nitrogen-vacancy quantum sensing research and its application to investigating the physics of emergent quantum materials with nanoscale spatial resolution. We also discuss quantum sensing platforms built on more recently discovered spin defects in one-dimensional and two-dimensional materials beyond nitrogen-vacancy centres. We conclude with an outlook on future directions and opportunities for these rapidly advancing quantum sensing technologies.",nature_html,0
Invariant nonequilibrium dynamics in gene regulation optimize information flow,https://www.pnas.org/doi/abs/10.1073/pnas.2524855123?mi=eymic2&af=R&access=on&content=articlesChapters&publication=pnas&sortBy=Earliest&target=default,Proceedings of the National Academy of Sciences: Keyword search for query,2026-07-06 07:00:00 UTC,2026-07-06 07:00:00+00:00,10.1073/pnas.2524855123,Gašper Tkačik,"Eukaryotic gene regulation relies on stochastic yet controlled promoter switching, in which genes transition between transcriptionally active and inactive states. Despite the molecular complexity of this process, recent studies have revealed a surprising invariance of the “switching correlation time” (
                    T
                    C
                    )—the characteristic decay time of the autocorrelation function of promoter activity fluctuations—across gene expression levels in multiple genes and organisms. A biophysically plausible explanation for this invariance has so far been lacking. Here, we show that this empirical constraint imposes stringent requirements on minimal yet realistic models of transcriptional regulation. Specifically, reproducing
                    T
                    C
                    –invariance requires regulatory architectures with at least four internal states and nonequilibrium dynamics that break detailed balance. Using Bayesian inference on
                    Drosophila
                    gap gene expression data, we demonstrate that such models i) quantitatively reproduce the observed
                    T
                    C
                    –invariance, ii) remain robust to parameter perturbations, and iii) maximize information transmission from transcription factor concentration to gene expression. Remarkably, the
                    T
                    C
                    -invariant modulation strategy we identify as optimal closely parallels contemporary control-theoretic results on the modulation of stochastic switching systems. Taken together, our results suggest that eukaryotic transcriptional regulation operates in a nonequilibrium regime to balance precision, reaction-rate limitations, and energy dissipation, thereby achieving near-optimal information transmission under fundamental physical constraints.",crossref,0
Turning policy implications into policy impact: Lessons from behavioral science in financial markets,https://www.pnas.org/doi/abs/10.1073/pnas.2525990123?mi=eymic2&af=R&access=on&content=articlesChapters&publication=pnas&sortBy=Earliest&target=default,Proceedings of the National Academy of Sciences: Keyword search for query,2026-07-06 07:00:00 UTC,2026-07-06 07:00:00+00:00,10.1073/pnas.2525990123,David B. Zimmerman,"We describe how research can inform policymaking. We begin by summarizing the policy formation process, offering a framework illustrating how interactions between scientists and policymakers can provide mutual benefits. We then describe four research initiatives from the Securities and Exchange Commission’s Office of Investor Research (OIR) as examples of how behavioral sciences can help inform policymakers. The first initiative established a probability-based nationally representative survey panel focused on US investor behavior. The remaining three examined investor communications for mutual fund benchmarks, emerging annuities (known as registered index-linked annuities), and mutual fund fee visuals. We conclude by synthesizing our work and describing practices that can help scientists have policy impact, not just policy implications.",crossref,0
Evidence from formal logical reasoning reveals that the language of thought is not natural language,https://www.pnas.org/doi/abs/10.1073/pnas.2520095123?mi=eymic2&af=R&access=on&content=articlesChapters&publication=pnas&sortBy=Earliest&target=default,Proceedings of the National Academy of Sciences: Keyword search for query,2026-07-06 07:00:00 UTC,2026-07-06 07:00:00+00:00,10.1073/pnas.2520095123,Evelina Fedorenko,"Humans are endowed with a powerful capacity for inductive and deductive logical thought: we easily form generalizations based on a few examples and draw conclusions from known premises. Humans also arguably have the most sophisticated communication system in the animal kingdom: natural language allows us to express complex and structured meanings. Some have therefore argued for a tight relationship between complex thought and language, postulating that reasoning, including logical reasoning, relies on linguistic representations. We systematically investigated the relationship between logical reasoning and language using two complementary approaches. First, we used noninvasive brain imaging (fMRI) to examine neural activity as healthy adults engaged in logical reasoning tasks. And second, we behaviorally evaluated logical abilities in individuals with extensive lesions to the language brain areas and consequent severe linguistic impairment. Our findings reveal that the language brain network is not engaged during logical reasoning, and patients with severe aphasia exhibit intact performance on logic tasks. Instead, inductive reasoning recruits the domain-general multiple demand network implicated broadly in goal-directed behaviors, whereas deductive reasoning draws on brain regions that are distinct from both the language and the multiple demand networks. Together, these results indicate that linguistic representations are neither utilized nor required for inductive or deductive logical reasoning.",crossref,0
4D force patterning enables spatial control of angiogenesis,https://www.pnas.org/doi/abs/10.1073/pnas.2532667123?mi=eymic2&af=R&access=on&content=articlesChapters&publication=pnas&sortBy=Earliest&target=default,Proceedings of the National Academy of Sciences: Keyword search for query,2026-07-06 07:00:00 UTC,2026-07-06 07:00:00+00:00,10.1073/pnas.2532667123,Ritu Raman,"Engineering organized microvascular networks remains a critical challenge in tissue engineering and regenerative medicine. While biochemical approaches for patterning angiogenesis via growth factor delivery have shown promise, their inability to pattern sustained growth factors with spatiotemporal control limits effectiveness. Here, we demonstrate that dynamically patterned mechanical forces enable precise spatiotemporal control over angiogenic sprouting. We developed a magnetically actuated human vessel-on-a-chip platform that integrates a perfusable endothelialized microchannel within a collagen matrix and allows noninvasive and tunable mechanical stimulation across three spatial dimensions and time (4D). Using an automated 3-axis actuator, we systematically investigated how strain magnitude, frequency, and direction modulate endothelial cell behavior and vessel morphogenesis. Dynamic mechanical stimulation at physiological strain magnitudes (5 to 15%) enhanced endothelial alignment and barrier function while promoting angiogenesis in a strain magnitude–dependent manner: lower dynamic strain (5%) maximized sprout initiation, whereas higher dynamic strain (15%) promoted elongation of sprouts. Sequential reorientation of strain direction reprogrammed sprouting trajectories along X, Y, and Z directions, generating complex sprout geometries such as L-shaped branches. RNA sequencing revealed mechanically induced transcriptional profiles distinct from unstimulated controls, characterized by upregulation of genes associated with angiogenesis, mechanotransduction, and extracellular matrix remodeling. Functional perturbation of PIEZO1 reduced strain-induced sprouting without altering barrier function, indicating that dynamic mechanical stimulation engages multiple mechanotransduction pathways to regulate angiogenesis. Collectively, these findings establish a strategy for spatiotemporally controlled angiogenesis through 4D force patterning to program vascular morphogenesis while preserving function. This approach provides a foundation for engineering hierarchically organized vascular networks for tissue regeneration.",crossref,0
Time-resolved morphological and transcriptomic characterization of early enteric neuron subtype emergence in chick,https://www.pnas.org/doi/abs/10.1073/pnas.2511442123?mi=eymic2&af=R&access=on&content=articlesChapters&publication=pnas&sortBy=Earliest&target=default,Proceedings of the National Academy of Sciences: Keyword search for query,2026-07-06 07:00:00 UTC,2026-07-06 07:00:00+00:00,10.1073/pnas.2511442123,Julien Falk,"The genetic programs directing nascent enteric nervous circuits and their unique architecture remain poorly characterized. To gain insight, we combined manipulations in the chick embryo model, whole gut three-dimensional (3D) imaging, and single-nucleus transcriptomics at very short intervals for time-resolved analyses of neuronal subtype trajectories. In imaging, we found highly dynamic axon network growth, with rapid increase in axon density and spatial orientation diversification. At transcriptomic levels, we correlated these changes to cell-state transitions with specific axon guidance gene sets. Cross-analyses with human and mouse embryo scRNAseq and expression profiles revealed globally conserved enteric lineage trajectories and subtypes specific axon guidance programs in all species. Finally, manipulation of DSCAM and ISLR2 evolutionary conserved networks in chick whole gut cultures altered enteric axon patterns, validating our paradigm and its applicability to advance current knowledge on human enteric circuit wiring.",crossref,0
Payment integrity in government programs: Takeaways from incorporating the behavioral sciences in US federal evaluations,https://www.pnas.org/doi/abs/10.1073/pnas.2525993123?mi=eymic2&af=R&access=on&content=articlesChapters&publication=pnas&sortBy=Earliest&target=default,Proceedings of the National Academy of Sciences: Keyword search for query,2026-07-06 07:00:00 UTC,2026-07-06 07:00:00+00:00,10.1073/pnas.2525993123,Mary Clair Turner,"A primary way the US federal government delivers public goods and services is via monetary payments. Ensuring that these payments are calculated accurately, delivered on time, and made to the correct recipients is important for government fiscal health. Inaccurate or delayed payments can weaken public trust in the government and undermine government accountability. In this article, we examine findings from a set of impact evaluations assessing interventions designed to improve payment integrity in US federal programs. The low-cost, evidence-based interventions draw on insights from the social and behavioral sciences and include modification of forms, changes to how and when agencies request information, and altering existing communications. The evaluations were conducted by the US General Services Administration’s Office of Evaluation Sciences in collaboration with agency partners. We extract three takeaways across four representative evaluations. First, the real-world evaluations validate a key implication of the behavioral science literature: interventions that reduce burdens for individuals have small effects that meaningfully improve payment integrity at scale. Second, effects attenuate across interventions and over time, suggesting a need for iterative evaluation. Finally, bureaucratic hurdles and administrative complexity are the main barriers to translating academic insights into real-world government programs. Addressing these challenges will require close collaboration between behavioral scientists and practitioners throughout the intervention design and evaluation process.",crossref,0
Strengthening of negative fire–fuel feedbacks by large fires in eastern Canadian boreal forests,https://www.pnas.org/doi/abs/10.1073/pnas.2512303123?mi=eymic2&af=R&access=on&content=articlesChapters&publication=pnas&sortBy=Earliest&target=default,Proceedings of the National Academy of Sciences: Keyword search for query,2026-07-06 07:00:00 UTC,2026-07-06 07:00:00+00:00,10.1073/pnas.2512303123,Marc-André Parisien,"Fire-induced reductions in biomass limit the likelihood of reburning during early vegetation recovery in several crown-fire ecosystems; however, it is unclear how this negative fire–fuel feedback will buffer the rising fire activity expected with climate change. Although the feedback weakens with increasing time since the last fire and with increasing fire-weather severity, how the spatial configuration of fuel influences fire-return intervals remains unknown. Using a detailed 204-y fire history reconstruction along a 300-km longitudinal transect in eastern Canadian boreal forests, we show that interior areas of large fires (&gt;8 km from the fire edge) are much less likely to reburn at short intervals than edges (&lt;2 km from the edge), indicating a strengthening of the feedback within large burns. This process results in fewer fires in immature stands that are vulnerable to poor tree regeneration, thus conferring substantial resistance against compositional changes. However, the reduction in short-interval fires also fosters the development of large patches of mature forest that become extremely fire-prone after 4 to 5 decades and thereby predisposes landscapes to recurrent large fires. This study highlights an overlooked mechanism by which increases in fire size due to climate change may expose boreal forests of eastern Canada to large fires burning at longer intervals rather than to more frequent short-interval fires, which should sustain their capacity to recover.",crossref,0
Applied behavioral and decision sciences in support of US FDA’s drug regulatory mission,https://www.pnas.org/doi/abs/10.1073/pnas.2525995123?mi=eymic2&af=R&access=on&content=articlesChapters&publication=pnas&sortBy=Earliest&target=default,Proceedings of the National Academy of Sciences: Keyword search for query,2026-07-06 07:00:00 UTC,2026-07-06 07:00:00+00:00,10.1073/pnas.2525995123,Baruch Fischhoff,"The US Food and Drug Administration (FDA) makes and communicates decisions that directly affect the health choices and well-being of the US public. Behavioral and decision scientists have long supported FDA’s pharmaceutical (medical drug) regulatory and public health mission, working alongside clinical and pharmaceutical scientists. This Perspective describes four interrelated cases illustrating these collaborations: a) creating the Benefit–Risk Framework to guide regulatory decisions regarding new drug approvals; b) launching an internal decision support service to facilitate specific regulatory decisions; c) implementing the Patient-Focused Drug Development initiative to strengthen the use of patient input to inform regulatory decision making; and d) developing FDA SOURCE, a dynamic systems simulation model to assess potential strategies to address the US opioid overdose crisis. Key to the success of these efforts has been their behavioral and decision science foundations, strategically implemented by an expert team dedicated to fostering trusted collaborations with internal and external partners. These cases offer a model for other agencies facing complex decisions of public impact.",crossref,0
User interaction with digital platforms: A consumer protection perspective,https://www.pnas.org/doi/abs/10.1073/pnas.2525996123?mi=eymic2&af=R&access=on&content=articlesChapters&publication=pnas&sortBy=Earliest&target=default,Proceedings of the National Academy of Sciences: Keyword search for query,2026-07-06 07:00:00 UTC,2026-07-06 07:00:00+00:00,10.1073/pnas.2525996123,Devesh R. Raval,"The rapid growth of digital platforms has transformed how consumers interact with the marketplace and led to new challenges for consumer protection. This Perspective describes how the Federal Trade Commission’s Bureau of Economics uses behavioral insights and empirical methods to support efforts to prevent unfair or deceptive business practices in digital markets. We highlight two studies that address critical knowledge gaps in digital consumer protection, including how consumers perceive and respond to advertising disclosures and how digital design choices affect the accessibility and effectiveness of consumer reporting tools. The studies illustrate how behavioral research can be used both prospectively, to evaluate potential remedies, and retrospectively, to assess the effects of past Federal Trade Commission (FTC) actions. The first study is a laboratory experiment that examines how the salience of advertising disclosures influences consumer recognition of and engagement with advertising content, where engagement is defined as the time users spend viewing ads. The second is a retrospective analysis of a redesigned consumer complaint website, using a natural experiment to evaluate the effect of usability improvements on complaint submission rates and information quality. Together, these studies demonstrate how applied research on user behavior can inform marketplace oversight and the design of consumer-facing tools. We conclude by outlining ongoing efforts to expand the role of empirical research at the FTC to strengthen the foundation for evidence-based policymaking in an increasingly complex digital environment.",crossref,0
Tropical forests are facing increasing risks of exposure to critical temperature thresholds,https://www.pnas.org/doi/abs/10.1073/pnas.2528622123?mi=eymic2&af=R&access=on&content=articlesChapters&publication=pnas&sortBy=Earliest&target=default,Proceedings of the National Academy of Sciences: Keyword search for query,2026-07-06 07:00:00 UTC,2026-07-06 07:00:00+00:00,10.1073/pnas.2528622123,Devis Tuia,"Understanding how close tropical tree species are to critical temperature thresholds that might impede photosynthetic activity is vital in a world where heat waves have become more severe and frequent. Using remotely sensed surface temperature and species distribution maps, we studied the spatiotemporal variation in the thermal safety margins (TSM, i.e., the difference between
                    
                      
                        
                          T
                          
                            crit
                          
                        
                      
                    
                    , the critical photosynthetic temperature, and the maximum canopy temperature) of
                    
                      
                        208
                      
                    
                    tropical tree species in South America, Southeast Asia, and Central Africa during the period 2001–2020. Despite overall high-temperature tolerance with an average
                    
                      
                        
                          T
                          
                            crit
                          
                        
                      
                    
                    of
                    
                      
                        
                          46.1
                          
                            
                            °
                          
                        
                      
                    
                    C, we observed a consistent decline in the TSM of tropical forests across the globe. The average pantropical TSM decline was
                    
                      
                        
                          0.4
                          
                            
                            °
                          
                        
                      
                    
                    C per decade, with the strongest decline in South America (
                    
                      
                        
                          0.5
                          
                            
                            °
                          
                        
                      
                    
                    C per decade). Over the
                    
                      
                        20
                      
                    
                    -y period, areas that experienced canopy temperatures surpassing the average
                    
                      
                        
                          T
                          
                            crit
                          
                        
                      
                    
                    across reported species increased from
                    
                      
                        43
                      
                    
                    Mha to
                    
                      
                        57
                      
                    
                    Mha in the tropics, representing
                    
                      
                        
                          4
                          %
                        
                      
                    
                    of the studied area. This number increases to
                    
                      
                        
                          10
                          %
                        
                      
                    
                    when computing areas where temperatures have surpassed the
                    
                      
                        
                          T
                          
                            crit
                          
                        
                      
                    
                    of the most vulnerable reported species. When considering future trends, as predicted by Earth System Models under medium-to-high emission scenarios, average
                    
                      
                        
                          T
                          
                            crit
                          
                        
                      
                    
                    may be exceeded in an area of
                    
                      
                        83
                      
                    
                    Mha by
                    
                      
                        2050
                      
                    
                    and
                    
                      
                        160
                      
                    
                    Mha by
                    
                      
                        2100
                      
                    
                    (over
                    
                      
                        
                          10
                          %
                        
                      
                    
                    of the studied area), suggesting major feedback to the global carbon cycle and the world’s biodiversity.",crossref,0
Differences in physiological tolerance to global warming caused the Permian–Triassic transition between the Paleozoic and Modern faunas,https://www.pnas.org/doi/abs/10.1073/pnas.2533086123?mi=eymic2&af=R&access=on&content=articlesChapters&publication=pnas&sortBy=Earliest&target=default,Proceedings of the National Academy of Sciences: Keyword search for query,2026-07-06 07:00:00 UTC,2026-07-06 07:00:00+00:00,10.1073/pnas.2533086123,Erik A. Sperling,"The rapid global climate change at the end of the Permian Period (~251.9 Mya) coincided with the greatest macroevolutionary faunal turnover event in Earth’s history. As the oceans warmed, lost dissolved oxygen, and became more acidic, the dominant animal groups in the Paleozoic fauna (including brachiopods and crinoids) suffered differentially high rates of extinction, allowing the Modern fauna (including bivalves and gastropods) to rise to ecological dominance. The end-Permian kill mechanism(s) are not fully understood, but differences in extinction intensity among Linnaean classes suggest an important physiological component. Here, we use a trait-based model of species’ metabolic O
                    2
                    balance to demonstrate that temperature-dependent hypoxia can explain the taxonomic selectivity of the end-Permian mass extinction. Direct respirometry experiments and physiological trait estimates derived from biogeographic data reveal that species belonging to the Paleozoic fauna have a higher temperature dependence of hypoxia than those belonging to the Modern fauna. In simulations of the climate transition, this trait difference leads to a greater loss of aerobic habitat for Paleozoic fauna, consistent with their observed greater extinction intensity. These results demonstrate that differences in average physiological tolerances to environmental change across biogeography, taxonomy, and functional ecology drove end-Permian extinction patterns and could eventually characterize the modern biodiversity crisis. Temperature-dependent hypoxia is the only kill mechanism that has been shown to explain the magnitude, biogeography, and now taxonomic selectivity of the end-Permian mass extinction, ultimately underlying the permanent shift in marine ecosystems across this transition.",crossref,0
Stress granules as RNA triage hubs suppress extracellular vesicle secretion under oxidative stress in cancer,https://www.pnas.org/doi/abs/10.1073/pnas.2533990123?mi=eymic2&af=R&access=on&content=articlesChapters&publication=pnas&sortBy=Earliest&target=default,Proceedings of the National Academy of Sciences: Keyword search for query,2026-07-06 07:00:00 UTC,2026-07-06 07:00:00+00:00,10.1073/pnas.2533990123,Chitose Oneyama,"Cancer cells confronting oxidative stress must coordinate their extracellular vesicle (EV) secretion to balance intercellular signaling with the intracellular programs required for survival, yet how these decisions are integrated remains poorly understood. Here, we identify a stress-adaptive mechanism in which stress granules (SGs) selectively suppress CD63
                    +
                    EV release. Using a bioluminescent EV–reporter screen, we found that the clinical compound YM155 selectively inhibits CD63
                    +
                    EV secretion across diverse tumor cells. Mechanistically, YM155 rapidly inactivates the antioxidant transcription factor FOXO3a, diminishing expression of key detoxifying enzymes and leading to delayed but sustained accumulation of reactive oxygen species (ROS). Elevated ROS drives SG formation, and these SGs function not as passive storage sites but as RNA triage hubs that exclude and destabilize a subset of transcripts. Among them, Rab27A mRNA—encoding a GTPase essential for multivesicular-body docking to the plasma membrane—is selectively excluded and degraded, resulting in loss of Rab27A protein and suppression of CD63
                    +
                    EV secretion. Forced Rab27A expression restores EV release but paradoxically reduces proliferation under oxidative stress, indicating that EV suppression is prosurvival. The same FOXO3a–ROS–SG–Rab27A axis operates during physiological glucose deprivation and is evident in vivo, where SGs form in xenograft tumors and circulating CD63
                    +
                    EVs decline. Pancancer transcriptomic analyses further show that Rab27A expression correlates with FOXO3a-dependent antioxidant programs, underscoring clinical relevance. These findings reveal that SGs actively reprogram RNA fate to tune vesicle output, establishing a redox-responsive mechanism by which cancer cells transiently suppress EV secretion to enhance survival.",crossref,0
Magnetically actuated microrobotic system for sequential treatment of biofilm,https://www.pnas.org/doi/abs/10.1073/pnas.2535216123?mi=eymic2&af=R&access=on&content=articlesChapters&publication=pnas&sortBy=Earliest&target=default,Proceedings of the National Academy of Sciences: Keyword search for query,2026-07-06 07:00:00 UTC,2026-07-06 07:00:00+00:00,10.1073/pnas.2535216123,Sijia Feng,"Biofilm-associated infections present a critical therapeutic challenge due to antibiotic resistance and impaired tissue healing. Here, we present a microrobotic system (MZ-8) that integrates real-time human-steered navigation with autonomous, microenvironment-responsive therapy to actively eradicate biofilms and promote tissue regeneration. This microrobotic system features a spine-inspired structure for mechanical biofilm disruption, a pH-responsive ZIF-8 coating for immunomodulatory Zn
                    2+
                    release, and closed-loop actuation under second near-infrared fluorescence guidance. In a rat model of periprosthetic joint infection, MZ-8 achieved effective biofilm removal, induced a pro-regenerative immune response by polarizing macrophages toward the M2 phenotype, and significantly enhanced tissue regeneration. Transcriptomic analysis further revealed the activation of immunomodulatory pathways and upregulation of M2-associated genes, confirming the system’s sequential shift from eradication to repair. Moreover, validation in a rabbit model and human knee joint confirmed its operational feasibility under clinical imaging guidance and excellent biosafety. This work establishes that integrating physical eradication, biochemical immunomodulation, and interactive control within a single system is essential for advancing from infection clearance to functional tissue restoration. Thus, it provides a therapeutic paradigm for biofilm-associated diseases and lays a foundation for future intelligent, clinically adaptive anti-infective systems.",crossref,0
Educational expansion and the hidden reversal of the Flynn effect—Differential trends across socioeconomic strata,https://www.pnas.org/doi/abs/10.1073/pnas.2536089123?mi=eymic2&af=R&access=on&content=articlesChapters&publication=pnas&sortBy=Earliest&target=default,Proceedings of the National Academy of Sciences: Keyword search for query,2026-07-06 07:00:00 UTC,2026-07-06 07:00:00+00:00,10.1073/pnas.2536089123,Kristine B. Walhovd,"In recent decades, the United States and several European countries have seen a plateau and reversal of the population-level gains in cognitive test scores that accumulated over the 20th century—the Flynn effect. We examined whether the Flynn effect and its reversal—declining mean scores across cohorts—differ by socioeconomic status, and whether changes in education can account for this. Using compulsory military conscription cognitive tests linked to administrative records with near-complete population coverage, we studied 579,379 Norwegian men from 25 birth cohorts (1967–1991). Trend reversals appeared first among sons of high-income fathers, with low- and middle-income groups peaking later and showing smaller postpeak declines. These socioeconomic differences were consistent with convergence in educational attainment at conscription: across paternal-income ranks, cohort changes in test scores aligned with cohort gains in education at conscription age, with estimated schooling effect sizes in line with quasi-experimental evidence. Results were robust to adjustment for parental education, and birth weight and height at testing as proxies for prenatal conditions and childhood nutrition. Together, the findings suggest an underlying population-level decline in cognitive scores that began earlier than previously assumed but was temporarily offset in lower-income strata by expanding educational attainment. After educational expansion plateaued, scores declined across all groups, most steeply among higher-income strata. Upper-secondary education completion thus emerges as a potential lever for improving cognitive performance and reducing income-related disparities in cognitive ability scores, while highlighting that broader societal pressures on cognitive test performance may have started earlier than recognized.",crossref,0
Selective and direct hydrogen generation from mixed plastic waste via alkaline thermal treatment with inherent carbon storage,https://www.pnas.org/doi/abs/10.1073/pnas.2537552123?mi=eymic2&af=R&access=on&content=articlesChapters&publication=pnas&sortBy=Earliest&target=default,Proceedings of the National Academy of Sciences: Keyword search for query,2026-07-06 07:00:00 UTC,2026-07-06 07:00:00+00:00,10.1073/pnas.2537552123,Woo-Jae Kim,"The global accumulation of plastic waste has spurred extensive research into chemical recycling methods to mitigate environmental issues and convert waste into valuable resources. A major challenge in plastic recycling is the requirement for presorting, which complicates processing and increases costs. Here, we demonstrate alkaline thermal treatment (ATT) as a highly efficient strategy for directly converting mixed plastic waste, including polyethylene terephthalate (PET), polyethylene (PE), and polypropylene (PP), into clean hydrogen energy at low temperatures and atmospheric pressure. Unlike conventional gasification, NaOH-assisted ATT enables plastic decomposition at significantly lower temperatures while producing high-purity hydrogen and minimizing carbon emissions. A key advancement in this work is the oxidation pretreatment of PP and PE, which enhances their reactivity in ATT and allows efficient hydrogen generation even from typically resistant polyolefins. Through systematic optimization of the NaOH-to-plastic ratio and thermal oxidation conditions, hydrogen yields of 43.7, 51.9, and 30.2 mmol/g
                    plastic
                    were achieved for PET, PE, and PP, respectively. Furthermore, ATT efficiently converts both individual and mixed plastic waste without requiring extensive separation, demonstrating its commercial potential and scalability with real-world waste compositions. Overall, this study establishes ATT as a promising and sustainable solution for plastic waste management and clean energy production, providing an economically viable low-carbon pathway for hydrogen generation.",crossref,0
Feeding health inequality through platform-based food delivery in China,https://www.pnas.org/doi/abs/10.1073/pnas.2538093123?mi=eymic2&af=R&access=on&content=articlesChapters&publication=pnas&sortBy=Earliest&target=default,Proceedings of the National Academy of Sciences: Keyword search for query,2026-07-06 07:00:00 UTC,2026-07-06 07:00:00+00:00,10.1073/pnas.2538093123,Zhengrong Yuan,"This study examines how the expansion of online food delivery platforms affects health inequality in China. Exploiting the staggered rollout of platforms across counties and nationally representative panel data from 2010 to 2022, we find that platform entry increases overweight among low-income individuals while reducing it among high-income individuals. This divergence operates through two channels: low-income users increase consumption of fried foods and reallocate time from cooking to sedentary leisure, whereas high-income users reduce intake of calorie-dense foods and increase physical activity. These behavioral changes accumulate into downstream health consequences affecting weight-related chronic diseases and children's overweight in low-income households. Equal access to digital convenience thus does not translate into equal health benefits, suggesting that technological diffusion may amplify health disparities.",crossref,0
Identification and distribution of a downregulatory signaling alkyloxazole in Streptomyces,https://www.pnas.org/doi/abs/10.1073/pnas.2600233123?mi=eymic2&af=R&access=on&content=articlesChapters&publication=pnas&sortBy=Earliest&target=default,Proceedings of the National Academy of Sciences: Keyword search for query,2026-07-06 07:00:00 UTC,2026-07-06 07:00:00+00:00,10.1073/pnas.2600233123,Jie Li,"Streptomyces
                    
                    use small molecules to dictate morphological development and secondary metabolism. Most of these signaling compounds are inducers derived from γ-butyrolactone (GBL)-synthesizing enzymes. As such, biosynthetically distinct and downregulatory signaling molecules remain understudied in
                    
                      Streptomyces
                    
                    . Here, we report the identification of alkyloxaozle (AOX,
                    1
                    ), a downregulator of sporulation and antibiotic production in
                    
                      Streptomyces
                    
                    .
                    1
                    ’s structure features an oxazole head flanked by an alkyl tail synthesized by a nonribosomal peptide synthetase (NRPS) that has not been reported in
                    
                      Streptomyces
                    
                    signaling molecules. Functional studies found that
                    1
                    downregulated sporulation and secondary metabolism in several
                    
                      Streptomyces
                    
                    strains. Genome mining identified 45 homologous biosynthetic gene clusters (BGCs) only distributed in
                    
                      Streptomyces
                    
                    , underscoring the importance of AOXs to this productive genus. Altogether, this report presents a downregulatory class of signaling molecules that broadly affect
                    
                      Streptomyces
                    
                    and highlights their importance to the genus.",crossref,0
Spatial transcriptomic mapping of postnatal mouse uterine development,https://www.pnas.org/doi/abs/10.1073/pnas.2600524123?mi=eymic2&af=R&access=on&content=articlesChapters&publication=pnas&sortBy=Earliest&target=default,Proceedings of the National Academy of Sciences: Keyword search for query,2026-07-06 07:00:00 UTC,2026-07-06 07:00:00+00:00,10.1073/pnas.2600524123,Pradeep S. Tanwar,"Postnatal uterine development requires precise coordination of epithelial differentiation, gland formation, and stromal organization, yet how transcriptional programs are spatially integrated during this process remains poorly understood. Here, we generated a spatially resolved transcriptomic map of the mouse uterus across key postnatal stages from day 3 to day 21 by combining high resolution in situ transcriptomics with histology, proteomics, genetic models, and functional assays. This approach defines the temporal emergence and spatial arrangement of all major uterine cell types and demonstrates that endometrial glands arise from luminal epithelium through progressive transcriptional reprogramming rather than from a prespecified progenitor population. Spatial analysis reveals marked compartmentalization of signaling pathways during adenogenesis. Luminal epithelium is enriched for Wnt ligands and hormone receptors, whereas glandular epithelium engages inhibitory and negative feedback programs that constrain Wnt activity while supporting proliferation and differentiation. Functional genetic studies establish that epithelial canonical Wnt signaling is essential for prepubertal gland establishment and long-term epithelial maintenance but is dispensable for postpartum gland regeneration. Retinoic acid synthesis becomes increasingly concentrated within glands, while hedgehog signaling polarizes into an epithelial to stromal axis during gland morphogenesis. Additional pathways including RTK, Notch, TGFβ, BMP, hypoxia, Hippo, and PI3K-mTOR exhibit distinct spatial biases that collectively shape epithelial identity and tissue maturation. Together, these findings provide a comprehensive spatial framework for uterine gland development and reveal how compartment specific signaling networks coordinate postnatal uterine morphogenesis.",crossref,0
Fracture-driven weakening amplifies projected ice loss from West Antarctica,https://www.pnas.org/doi/abs/10.1073/pnas.2601529123?mi=eymic2&af=R&access=on&content=articlesChapters&publication=pnas&sortBy=Earliest&target=default,Proceedings of the National Academy of Sciences: Keyword search for query,2026-07-06 07:00:00 UTC,2026-07-06 07:00:00+00:00,10.1073/pnas.2601529123,Frank Pattyn,"Ice shelves buttress the flow of the Antarctic ice sheet, but this stabilizing effect weakens as fractures form, reducing ice viscosity and accelerating ice discharge toward the ocean. Here, we incorporate physically consistent damage mechanics into an ice-sheet model and apply it across the Amundsen Sea Embayment, the largest current contributor to Antarctic mass loss. Simulations reproduce key satellite-derived damage patterns under present-day conditions. Projections to 2300 show that allowing damage to evolve strongly amplifies future ice loss, increasing sea-level contributions by up to a factor of
                    
                      
                        ∼
                      
                    
                    4.5. Even when damage is held fixed at its present-day extent, projected contributions increase by 50 to 130
                    
                      
                        %
                      
                    
                    , indicating that existing fractures already commit the system to enhanced ice loss. Basal crevasses dominate this response, accounting for
                    
                      
                        ∼
                      
                    
                    90% of damage-induced amplification. Healing mechanisms substantially moderate damage, as neglecting gravitational crevasse closure and compressive healing overestimates ice loss by almost 50%. Together, these results suggest that fracture-driven weakening substantially alters Antarctic ice-sheet dynamics and should be represented in projections of future sea-level rise.",crossref,0
Asymmetric and Intermittent Supershear Rupture Mediated by Local Fault Complexity during the 2025 MW 7.7 Myanmar Earthquake,https://www.pnas.org/doi/abs/10.1073/pnas.2602650123?mi=eymic2&af=R&access=on&content=articlesChapters&publication=pnas&sortBy=Earliest&target=default,Proceedings of the National Academy of Sciences: Keyword search for query,2026-07-06 07:00:00 UTC,2026-07-06 07:00:00+00:00,10.1073/pnas.2602650123,Zhenxing Yao,"We determine the detailed rupture process of the 2025
                    
                      M
                      W
                    
                    7.7 Myanmar earthquake by joint inversion of near-fault strong-motion, geodetic, and teleseismic data. The rupture initiated with significant slip of up to ~5 m near the epicenter. Localized fault geometric complexity and stress heterogeneity might have led to small-scale slip segmentation and intermittent episodes of supershear rupture. Northward rupture propagation was subshear overall and terminated rapidly after extending ~80 km within the partial stress shadow of a 2012 earthquake. In contrast, southward rupture propagated ~380 km, fully traversing a predefined seismic gap that had been unruptured since 1839, and undergoing cycles of acceleration and deceleration that included at least two episodes of intermittent supershear rupture before gradually stopping after traversing a segment that ruptured in 1930. Slip exceeding 3 m is confined to the shallow fault above a 15 km locking depth and the average static stress drop is 4.7 MPa. The long-term stress accumulation on multiple asperities along the central Sagaing fault promotes localized ruptures in discrete events but sometimes leads to rupture cascades with intermittent supershear behavior as in 2025. Local slip duration also displays a north–south asymmetry, being longer near the epicenter and progressively shorter toward the south before the end. This pattern may be associated with lower rigidity near the epicenter and rupture dynamics being modulated by fault edges for long, narrow strike-slip faults. Our findings highlight the roles of localized fault structure and stress heterogeneity in controlling slip distribution and rupture speed.",crossref,0
Vimentin promotes actin assembly by stabilizing ATP-actin subunits at the barbed end,https://www.pnas.org/doi/abs/10.1073/pnas.2531232123?mi=eymic2&af=R&access=on&content=articlesChapters&publication=pnas&sortBy=Earliest&target=default,Proceedings of the National Academy of Sciences: Keyword search for query,2026-07-06 07:00:00 UTC,2026-07-06 07:00:00+00:00,10.1073/pnas.2531232123,Cécile Leduc,"Vimentin intermediate filaments play essential roles in maintaining cell integrity and regulating numerous cellular functions. In particular, vimentin cooperates with the actin cytoskeleton in key cellular processes that rely on actin dynamics, such as migration, division, and mechanosensing. While there is evidence that these two cytoskeletal components interact in cells, the underlying molecular mechanisms are only partially understood. Actin and vimentin can interact through biochemical signaling pathways or via cross-linkers, but whether they engage in a direct protein–protein interaction has remained controversial, in part because such interactions are difficult to isolate and characterize in cells. Using in vitro reconstitution coupled to theoretical modeling, and total internal reflection fluorescence microscopy to monitor the elongation of single actin filaments, we show that vimentin promotes actin elongation by stabilizing actin subunits at the barbed end in a dose-dependent manner. Strikingly, this effect depends on the nucleotide state of actin, as the acceleration is only observed for the elongation from adenosine triphosphate (ATP)-actin, and not adenosine diphosphate (ADP)-actin monomers. We further establish that neither the vimentin tail nor head domains are required for this effect, and both filamentous and nonfilamentous vimentin enhance actin elongation. Finally, we find that vimentin promotes the nucleation of actin filaments. Consistently, magnetic pull-down assays demonstrate a direct interaction between vimentin and ATP-actin monomers. Altogether, these findings identify vimentin as an unexpected new actor in the regulation of actin dynamics at the barbed end and bring new insights into the functional role of vimentin through cytoskeletal crosstalk.",crossref,0
Interleukin-6 is critical in the development of pulmonary vascular disease in Gcn2-deficient mice,https://www.pnas.org/doi/abs/10.1073/pnas.2531623123?mi=eymic2&af=R&access=on&content=articlesChapters&publication=pnas&sortBy=Earliest&target=default,Proceedings of the National Academy of Sciences: Keyword search for query,2026-07-06 07:00:00 UTC,2026-07-06 07:00:00+00:00,10.1073/pnas.2531623123,Elaine Soon,"Biallelic mutations in EIF2AK4, encoding Eukaryotic Translation Initiation Factor 2α kinase 4 or General Control Nonderepressible 2 (GCN2), cause pulmonary veno-occlusive disease (PVOD), a fatal form of pulmonary hypertension. The mechanisms linking GCN2 deficiency with pulmonary vascular pathology are poorly understood. To investigate this, we developed two mouse models: genetic ablation of
                    Gcn2
                    , to mirror
                    GCN2
                    -mutation positive PVOD, and a pharmacological model using mitomycin C, a drug which can cause PVOD as an idiosyncratic drug reaction. Both models were phenotyped, and lungs from wild-type and
                    Gcn2
                    -deficient mice were analyzed using single-cell RNA sequencing. We show that homozygous loss of
                    Gcn2
                    is sufficient to induce mild pulmonary hypertension in mice. Single-cell transcriptomic profiling identified adventitial fibroblasts as the cell population exhibiting the most
                    Gcn2
                    -dependent transcriptional changes. Pathway analysis revealed upregulation of inflammatory signaling in
                    
                      Gcn2
                      −/−
                    
                    adventitial fibroblasts. Consistent with this, we demonstrate a proinflammatory phenotype in
                    
                      Gcn2
                      −/−
                    
                    mouse fibroblasts and in
                    
                      Gcn2
                      −/−
                    
                    mice. Using a mitomycin C–induced murine model, genetic deletion of interleukin-6 (
                    Il6
                    ) rescued the pulmonary vascular phenotype. Furthermore, chronic lipopolysaccharide exposure exaggerated pulmonary hypertension in
                    
                      Gcn2
                      −/−
                    
                    mice, and
                    Il6
                    ablation rescued both baseline and lipopolysaccharide-exacerbated disease. Pharmacological inhibition or genetic ablation of the Integrated Stress Response, which can be driven by GCN2-activation, phenocopies
                    Gcn2
                    deficiency. Therefore, we establish a regulatory effect of an intact GCN2-Integrated Stress Response on IL-6 signaling. Together, we show that interleukin-6 is a critical mediator of both
                    Gcn2
                    deficiency–associated and mitomycin C–triggered pulmonary vascular disease in mice and highlight IL-6-dependent pathways as potential therapeutic targets.",crossref,0
Histone chaperone HIRA regulates adiponectin expression and obesity-associated adipose expansion by facilitating Pol II pause release,https://www.pnas.org/doi/abs/10.1073/pnas.2603875123?mi=eymic2&af=R&access=on&content=articlesChapters&publication=pnas&sortBy=Earliest&target=default,Proceedings of the National Academy of Sciences: Keyword search for query,2026-07-06 07:00:00 UTC,2026-07-06 07:00:00+00:00,10.1073/pnas.2603875123,Kai Ge,"Adipose tissue is essential for maintaining glucose and lipid homeostasis in mammals. However, epigenomic mechanisms underlying adipose tissue function remain largely unclear. Here, we identify the histone chaperone HIRA as an epigenomic regulator of adipose tissue function. Adipose tissue-specific knockout of
                    Hira
                    in mice impairs insulin sensitivity and restrains adipose tissue expansion during high-fat diet-induced obesity. Mechanistically, HIRA is required for the expression of
                    Adipoq
                    , encoding the adipokine adiponectin, and lipid metabolism genes in adipose tissue. Genomic mapping reveals that HIRA binds to promoters and enhancers of
                    Adipoq
                    and lipid metabolism genes in adipocytes. Acute HIRA depletion using the dTAG system, followed by nascent RNA-Seq and ChIP-Seq, demonstrates that while HIRA is largely dispensable for enhancer activation and coactivator binding, it promotes transcription of target genes by facilitating RNA polymerase II pause release and subsequent elongation likely independently of H3.3 deposition. Our findings uncover a mechanism by which HIRA regulates transcription and establish HIRA’s critical role in insulin sensitivity and lipid metabolism, providing a potential therapeutic target for obesity and insulin resistance.",crossref,0
Science in service: Behavioral research applications across federal agencies,https://www.pnas.org/doi/abs/10.1073/pnas.2608196123?mi=eymic2&af=R&access=on&content=articlesChapters&publication=pnas&sortBy=Earliest&target=default,Proceedings of the National Academy of Sciences: Keyword search for query,2026-07-06 07:00:00 UTC,2026-07-06 07:00:00+00:00,10.1073/pnas.2608196123,Baruch Fischhoff,,,0
"Long-term cultural continuity across the Neanderthal–modern human sequence at Üçağızlı II Cave, northern Levant",https://www.pnas.org/doi/abs/10.1073/pnas.2609061123?mi=eymic2&af=R&access=on&content=articlesChapters&publication=pnas&sortBy=Earliest&target=default,Proceedings of the National Academy of Sciences: Keyword search for query,2026-07-06 07:00:00 UTC,2026-07-06 07:00:00+00:00,10.1073/pnas.2609061123,Naoki Morimoto,"We present evidence from Üçağızlı II Cave in the northern Levant, Türkiye, documenting the sequential occupation by Neanderthals (
                    Homo neanderthalensis
                    ; 77–59 ka) and modern humans (
                    Homo sapiens
                    ; 59–47 ka). The combined evidence of human fossils, faunal and floral remains, lithics, and manuports demonstrates significant behavioral and technological continuity across this taxonomic sequence, characterized by consistent subsistence strategies and the persistent selection and transport of specific nondietary mollusk shells. The lithic assemblages largely align with late Middle Paleolithic traditions, exhibiting characteristic Mousterian variants. The association of diagnostic human fossils with these archaeological remains demonstrates that the shift from Neanderthals to modern humans occurred within a cultural continuum. Our findings suggest shared behaviors between Neanderthals and modern humans that extended beyond subsistence to include nonutilitarian behaviors within the specific geographic and temporal context studied here.",crossref,0
Energy costs of Hannibal’s alpine crossing,https://www.pnas.org/doi/abs/10.1073/pnas.2612764123?mi=eymic2&af=R&access=on&content=articlesChapters&publication=pnas&sortBy=Earliest&target=default,Proceedings of the National Academy of Sciences: Keyword search for query,2026-07-06 07:00:00 UTC,2026-07-06 07:00:00+00:00,10.1073/pnas.2612764123,Fritz Vollrath,"Hannibal crossed the Alps with a large army containing 37 war elephants in 218 BC. Details of his route have scholars regularly debate historical reports in the light of logistical and topographical considerations. Among the possible alpine passes, the route crossing at the Col du Clapier was considered the most likely candidate. Recent philological and geomorphological analyses suggest instead a route via the Col de la Traversette. Here, we examined these options focusing on the energy costs of the crossing with an emphasis on the war elephants. Our analysis favors the route of the Traversette while also providing possible insights into Hannibal’s thinking concerning both the logistics and psychology of elephant warfare.",crossref,0
Small but mighty: The outsized role of small water bodies in the global carbon cycle,https://www.pnas.org/doi/abs/10.1073/pnas.2614198123?mi=eymic2&af=R&access=on&content=articlesChapters&publication=pnas&sortBy=Earliest&target=default,Proceedings of the National Academy of Sciences: Keyword search for query,2026-07-06 07:00:00 UTC,2026-07-06 07:00:00+00:00,10.1073/pnas.2614198123,Marcia N. Macedo,,,0
Functional traits produce conditional outcomes in different community contexts,https://www.pnas.org/doi/abs/10.1073/pnas.2616704123?mi=eymic2&af=R&access=on&content=articlesChapters&publication=pnas&sortBy=Earliest&target=default,Proceedings of the National Academy of Sciences: Keyword search for query,2026-07-06 07:00:00 UTC,2026-07-06 07:00:00+00:00,10.1073/pnas.2616704123,Ragan M. Callaway,,,0
Dolphins use names to remember whom to avoid,https://www.pnas.org/doi/abs/10.1073/pnas.2617174123?mi=eymic2&af=R&access=on&content=articlesChapters&publication=pnas&sortBy=Earliest&target=default,Proceedings of the National Academy of Sciences: Keyword search for query,2026-07-06 07:00:00 UTC,2026-07-06 07:00:00+00:00,10.1073/pnas.2617174123,Laela Sayigh,,,0
Distinguishing direct androgenic signaling from local aromatization in the lateral septum,https://www.pnas.org/doi/abs/10.1073/pnas.2618568123?mi=eymic2&af=R&access=on&content=articlesChapters&publication=pnas&sortBy=Earliest&target=default,Proceedings of the National Academy of Sciences: Keyword search for query,2026-07-06 07:00:00 UTC,2026-07-06 07:00:00+00:00,10.1073/pnas.2618568123,Junqing Dong,,,0
Reply to Huang and Dong: Clarifying the interpretation of rapid steroid effects in social recognition,https://www.pnas.org/doi/abs/10.1073/pnas.2618836123?mi=eymic2&af=R&access=on&content=articlesChapters&publication=pnas&sortBy=Earliest&target=default,Proceedings of the National Academy of Sciences: Keyword search for query,2026-07-06 07:00:00 UTC,2026-07-06 07:00:00+00:00,10.1073/pnas.2618836123,Elena Choleris,,,0
"Correction for Brodeur et al., AI-assisted teams outperform AI-led teams but not human-only teams in assessing research reproducibility in quantitative social science",https://www.pnas.org/doi/abs/10.1073/pnas.2621051123?mi=eymic2&af=R&access=on&content=articlesChapters&publication=pnas&sortBy=Earliest&target=default,Proceedings of the National Academy of Sciences: Keyword search for query,2026-07-06 07:00:00 UTC,2026-07-06 07:00:00+00:00,10.1073/pnas.2621051123,,,,0
"Retraction for Shaked and Frenkel, Curiouser and curiouser: Meningeal lymphoid structures in the aging brain",https://www.pnas.org/doi/abs/10.1073/pnas.2621866123?mi=eymic2&af=R&access=on&content=articlesChapters&publication=pnas&sortBy=Earliest&target=default,Proceedings of the National Academy of Sciences: Keyword search for query,2026-07-06 07:00:00 UTC,2026-07-06 07:00:00+00:00,10.1073/pnas.2621866123,,,,0
Bumblebees’ orofacial reactions to tastes provide evidence for affective evaluation,https://www.pnas.org/doi/abs/10.1073/pnas.2529114123?mi=eymic2&af=R&access=on&content=articlesChapters&publication=pnas&sortBy=Earliest&target=default,Proceedings of the National Academy of Sciences: Keyword search for query,2026-07-06 07:00:00 UTC,2026-07-06 07:00:00+00:00,10.1073/pnas.2529114123,Cwyn Solvi,"Facial expressions provide a critical window into the internal states of animals, allowing the identification of affective processes and their underlying neural mechanisms. In mammals, postconsumption orofacial reactions—such as tongue protrusions to sweet tastes—are among the most robust and widely accepted behavioral markers of positive hedonic impact (liking), distinct from motivation (wanting). However, no equivalent markers have been established in insects, leaving their capacity for affective evaluation unresolved. Here, we show that bumblebees exhibit discrete orofacial reactions that are functionally analogous to those described in mammals. Bees displayed postconsumption glossa protrusions to rewarding solutions and head-shaking and mouth-wiping to aversive tastes. These reactions were not tied to any specific taste identity. Behavioral and pharmacological experiments demonstrated that glossa protrusions did not automatically occur due to consumption, were independent of ongoing feeding mechanisms and dopamine-mediated motivation, and were enhanced by the endocannabinoid anandamide. Our findings support postconsumption glossa protrusions as a fast, reliable, and evolutionarily comparable candidate behavioral marker of affective evaluation in an invertebrate. By providing evidence that a behavior which tracks liking can be dissociated from motivational (wanting) responsiveness in bumblebees, this work establishes an experimental framework for investigating the neural basis and evolutionary origins of affective processing. More broadly, these results open the door to rigorous cross-phyletic approaches to emotion.",crossref,0
Long-term stability and performance of Cas9/guide RNA-based gene drives in anopheline mosquitoes,https://www.pnas.org/doi/abs/10.1073/pnas.2605739123?mi=eymic2&af=R&access=on&content=articlesChapters&publication=pnas&sortBy=Earliest&target=default,Proceedings of the National Academy of Sciences: Keyword search for query,2026-07-06 07:00:00 UTC,2026-07-06 07:00:00+00:00,10.1073/pnas.2605739123,Anthony A. James,"Gene-drive population modification strategies are being developed to control the transmission by anopheline mosquitoes of the parasites that cause human malaria. These approaches are designed to reduce disease prevalence and incidence by spreading dominant antiparasite effector genes throughout vector populations. The strains must sustain drive and parasite suppression properties over extended periods of time to have an epidemiological impact. Three gene-drive strains, AcTP13 and AcTP43 in
                    Anopheles coluzzii
                    and AgTP13 in
                    Anopheles gambiae
                    , carrying autonomous Cas9/guide RNA-based drive systems linked to multiple antiparasite effector genes were remarkably stable in all
                    A. coluzzii
                    replicates over a 2-y (35 generation) period in laboratory cage trials. Two of three
                    A. gambiae
                    replicates performed equally well. Stability was assessed as a function of population dynamics (size), molecular integrity of the gene-drive cassettes, maintenance of drive efficiency (gene conversion), generation and accumulation of mutant drive-resistant target alleles, drive system-generated off-target effects, and effector gene parasite suppression activity. All lines met stability requirements with the exception of one AgTP13 cage replicate that was affected by drive-resistant target-site mutations. Notably, all strains retained parasite suppression activity and high drive efficiencies throughout the duration of the trials. These results support the further development and deployment of these strains for malaria control.",crossref,0
Structural characterization of human neutralizing antibodies against JC and BK polyomaviruses,https://www.pnas.org/doi/abs/10.1073/pnas.2603048123?mi=eymic2&af=R&access=on&content=articlesChapters&publication=pnas&sortBy=Earliest&target=default,Proceedings of the National Academy of Sciences: Keyword search for query,2026-07-06 07:00:00 UTC,2026-07-06 07:00:00+00:00,10.1073/pnas.2603048123,Thilo Stehle,"The human JC polyomavirus (JCPyV) causes the fatal demyelinating disease progressive multifocal leukoencephalopathy (PML) in immunocompromised individuals. JCPyV frequently undergoes mutations in PML patients, and these variants are thought to establish “antibody recognition holes” that enable the virus to circumvent the antibody response of infected individuals. Many of these PML-associated mutations cluster in the glycan receptor-binding site of the virus. Using X-ray crystallography, we investigated the binding modes of JCPyV VP1-specific human monoclonal antibodies (mAbs) that were isolated from healthy donors and individuals who recovered from PML, and that can recognize a panel of PML-associated JCPyV variants. Our structural analyses show that three out of four of these mAbs bind epitopes that overlap with the glycan–receptor binding site at the surface of the virus particle. The observed interactions explain how PML-associated mutations strategically interfere with antibody recognition, resulting in immune evasion. In contrast, mAb 29B1 engages a region of the capsid that is distant from the glycan site and does not feature mutations associated with PML. The binding site is conserved in the closely related BK polyomavirus (BKPyV), and we show that mAb 29B1 binds both viruses with high affinity and blocks infection. Our findings form an excellent platform for the development of therapeutic Ab approaches and potential vaccination strategies that could protect at-risk patients from infections with both JCPyV and BKPyV. Moreover, small molecules that target the mAb 29B1 binding site could be potentially effective against both viruses.",crossref,0
