date,title,labels,url,source_categories
2026-03-30,"Symbiosis Members Google, Meta And McKinsey Invest In Reforestation CDR By Living Carbon",Forests|Removal,https://carbonherald.com/symbiosis-members-google-meta-and-mckinsey-invest-in-reforestation-cdr-by-living-carbon/,removal
2026-03-30,px Group Secures Key CCS Operations Contract On Teesside,Capture|Storage,https://carbonherald.com/px-group-secures-key-ccs-operations-contract-on-teesside/,capture
2026-03-30,New CTRL-S Platform To Serve As A DAC Knowledge Vault,Direct Air Capture|Removal,https://carbonherald.com/new-ctrl-s-platform-to-serve-as-a-dac-knowledge-vault/,removal
2026-03-30,Canada Eases Climate Rules In Bid To Boost Energy Investment,Capture|Policy,https://carbonherald.com/canada-eases-climate-rules-in-bid-to-boost-energy-investment/,capture
2026-03-27,New Market Milestone: ClimeFi Structures First Publically Announced CRCF Transaction For Major Buyers,BECCS|Markets|Removal,https://carbonherald.com/new-market-milestone-climefi-structures-first-publically-announced-crcf-transaction-for-major-buyers/,capture|removal
2026-03-27,CURA Partners With Sylvera To Monetize Low-Carbon Cement Advantage,Capture,https://carbonherald.com/cura-partners-with-sylvera-to-monetize-low-carbon-cement-advantage/,capture
2026-03-27,"Brazil Launches Amazon Restoration Push With New Concession Model, Awards First Long-Term Deal To Re.green",Forests|Markets|Removal,https://carbonherald.com/brazil-launches-amazon-restoration-push-with-new-concession-model-awards-first-long-term-deal-to-re-green/,removal
2026-03-27,Belgium Carbon Pipeline Agreement Faces Scrutiny From Civil Society,Capture,https://carbonherald.com/belgium-carbon-pipeline-agreement-faces-scrutiny-from-civil-society/,capture
2026-03-27,Arukah Issues First Puro.earth Biochar CORCs In Cambodia,Biomass|Removal,https://carbonherald.com/arukah-issues-first-puro-earth-biochar-corcs-in-cambodia/,removal
2026-03-26,Holcim Romania Lands EU Funding For Major Carbon Capture Hub,Capture|Storage,https://carbonherald.com/holcim-romania-lands-eu-funding-for-major-carbon-capture-hub/,capture
2026-03-26,Econic And Changhua Launch First Commercial CO2-Based Polyols Plant,Capture|Utilization,https://carbonherald.com/econic-and-changhua-launch-first-commercial-co2-based-polyols-plant/,capture
2026-03-26,ClimeFi Looking For Durable CDR Beyond 2030 In Its Most Ambitious Procurement To Date,Markets|Removal,https://carbonherald.com/climefi-looking-for-durable-cdr-beyond-2030-in-its-most-ambitious-procurement-to-date/,removal
2026-03-26,Altitude Signs Deal With Empacar S.A. For Over 305 000 Tonnes Of Biochar CDR,Biomass|Removal,https://carbonherald.com/altitude-signs-deal-with-empacar-s-a-for-over-305-000-tonnes-of-biochar-cdr/,removal
2026-03-25,Pension Insurance Corporation Expands CDR Portfolio Via CUR8,Biomass|Direct Air Capture|Mineralization|Removal,https://carbonherald.com/pension-insurance-corporation-expands-cdr-portfolio-via-cur8/,removal
2026-03-25,Fluxys c-grid Antwerp To Build Out CO2 Pipeline Network,Capture|Storage,https://carbonherald.com/fluxys-c-grid-antwerp-to-build-out-co2-pipeline-network/,capture
2026-03-25,First-of-its-kind BECCS Project Begins Operations In Norway,BECCS|Capture|Removal,https://carbonherald.com/first-of-its-kind-beccs-project-begins-operations-in-norway/,capture|removal
2026-03-25,Climeworks And Lithos Carbon Team Up To Bring Verified ERW Credits To Market,Mineralization|Removal,https://carbonherald.com/climeworks-and-lithos-carbon-team-up-to-bring-verified-erw-credits-to-market/,removal
2026-03-24,"Using Seawater And Electricity, Scientists Create A New Carbon-Negative Building Material",Mineralization|Removal,https://carbonherald.com/using-seawater-and-electricity-scientists-create-a-new-carbon-negative-building-material/,removal
2026-03-24,Microsoft And Liferaft Ink The Biggest US Biochar Deal To Date,Biomass|Removal,https://carbonherald.com/microsoft-and-liferaft-ink-the-biggest-us-biochar-deal-to-date/,removal
2026-03-24,California Bill Could Tie Data Center Growth To Energy Storage Adoption,Capture,https://carbonherald.com/california-bill-could-tie-data-center-growth-to-energy-storage-adoption/,capture
2026-03-24,Aircapture And Almanac Debut Beer Made With CO2 Pulled From Air,Direct Air Capture|Removal|Utilization,https://carbonherald.com/aircapture-and-almanac-debut-beer-made-with-co2-pulled-from-air/,capture|removal
2026-03-23,Sequestra Locks In Over $3M To Advance Carbon Mineralization,Mineralization|Removal,https://carbonherald.com/sequestra-locks-in-over-3m-to-advance-carbon-mineralization/,removal
2026-03-23,New Analysis Shows Undisturbed Old Forests Store Dramatically More CO2 Than Managed Ones,Forests|Removal,https://carbonherald.com/new-analysis-shows-undisturbed-old-forests-store-dramatically-more-co2-than-managed-ones/,removal
2026-03-23,Carbon Market Tweaks Signal EU Response To Mounting Energy Costs,Capture|ETS|Markets,https://carbonherald.com/carbon-market-tweaks-signal-eu-response-to-mounting-energy-costs/,capture
2026-03-23,"Beavers Emerge As Unlikely Allies In Carbon Removal, New Study Finds",Biomass|Removal|Storage,https://carbonherald.com/beavers-emerge-as-unlikely-allies-in-carbon-removal-new-study-finds/,capture|removal
2026-03-20,The Sustainable Aviation Coalition To Invest Over $2.5M In Greenhouse Gas Removals,Markets|Removal,https://carbonherald.com/the-sustainable-aviation-coalition-to-invest-over-2-5m-in-greenhouse-gas-removals/,removal
2026-03-20,Major Seismic Survey To Assess CO2 Storage Potential In Denmark,Capture|Storage,https://carbonherald.com/major-seismic-survey-to-assess-co2-storage-potential-in-denmark/,capture
2026-03-20,Carbon Business Council Launches A Direct Storage Of Biomass Coalition,Biomass|Removal,https://carbonherald.com/carbon-business-council-launches-a-direct-storage-of-biomass-coalition/,removal
2026-03-20,Aker Solutions Secures FEED Contract For Baltic CO2 Terminal,Capture,https://carbonherald.com/aker-solutions-secures-feed-contract-for-baltic-co2-terminal/,capture
2026-03-19,The Sabah Rainforest Rehabilitation Project In Malaysia Is Now Issuing High-Quality Credits,Forests|Removal,https://carbonherald.com/the-sabah-rainforest-rehabilitation-project-in-malaysia-is-now-issuing-high-quality-credits/,removal
2026-03-19,Spiritus Taps Energy And Tesla Experts To Expand Carbon-Negative Infrastructure,Direct Air Capture|Removal,https://carbonherald.com/spiritus-taps-energy-and-tesla-experts-to-expand-carbon-negative-infrastructure/,removal
2026-03-19,"In A New Study, CATF Evaluates The Strenght Of Existing Biomass CDR Protocols",Biomass|Removal,https://carbonherald.com/in-a-new-study-catf-evaluates-the-strenght-of-existing-biomass-cdr-protocols/,removal
2026-03-19,Cocoon Raises $15M To Scale Low-Carbon Cement Alternative,Capture,https://carbonherald.com/cocoon-raises-15m-to-scale-low-carbon-cement-alternative/,capture
2026-03-18,Marine Carbon Removal Gains Momentum But Can It Scale Responsibly?,Ocean|Removal,https://carbonherald.com/marine-carbon-removal-gains-momentum-but-can-it-scale-responsibly/,removal
2026-03-18,Louisiana Republicans Clash Over Carbon Capture In Senate Race,Capture|Policy,https://carbonherald.com/louisiana-republicans-clash-over-carbon-capture-in-senate-race/,capture
2026-03-18,"Looming CORSIA Deadline Exposes Gaps In Carbon Credit Supply, BeZero Says",Compliance|Markets|Removal,https://carbonherald.com/looming-corsia-deadline-exposes-gaps-in-carbon-credit-supply-bezero-says/,removal
2026-03-18,"Google Purchases 200,000 Tons Of Biochar CDR From AMP",Biomass|Removal,https://carbonherald.com/google-purchases-200000-tons-of-biochar-cdr-from-amp/,removal
2026-03-18,"Empacar, Puro.earth, Cula, Bioflux Unite On New Biochar Initiative In Bolivia",Biomass|Removal,https://carbonherald.com/empacar-puro-earth-cula-bioflux-unite-on-new-biochar-initiative-in-bolivia/,removal
2026-03-18,Carbon Capture Europe Summit: Everyone’s Talking About Risk (And Eggs),Capture,https://carbonherald.com/carbon-capture-europe-summit-everyones-talking-about-risk-and-eggs/,capture
2026-03-17,Verde Secures Biochar Supply Deal To Scale Carbon Storing Products,Biomass|Removal,https://carbonherald.com/verde-secures-biochar-supply-deal-to-scale-carbon-storing-products/,removal
2026-03-17,Rubi Secures $7.5M And $60M+ Offtake Deals To Scale CO2-to-Materials Tech,Removal|Utilization,https://carbonherald.com/rubi-secures-7-5m-and-60m-offtake-deals-to-scale-co2-to-materials-tech/,capture|removal
2026-03-17,Octopus Energy Generation Bumps Up Cultivo Partnership With New $60M,Farming|Removal,https://carbonherald.com/octopus-energy-generation-bumps-up-cultivo-partnership-with-new-60m/,removal
2026-03-17,EPA Issues Draft Class VI Permit For Colorado CO2 Storage Project,Capture|Policy|Storage,https://carbonherald.com/epa-issues-draft-class-vi-permit-for-colorado-co2-storage-project/,capture
2026-03-17,CURA And Captura Combine Technologies In Novel Collaboration,Capture|Removal,https://carbonherald.com/cura-and-captura-combine-technologies-in-novel-collaboration/,capture|removal
2026-03-16,When Carbon Capture Meets The Real World: Lessons From Scandinavia,BECCS|Capture|Policy|Storage,https://carbonherald.com/when-carbon-capture-meets-the-real-world-lessons-from-scandinavia/,capture
2026-03-16,Sweden To Back Negative Emissions Projects And Research In Two New Calls,Removal,https://carbonherald.com/sweden-to-back-negative-emissions-projects-and-research-in-two-new-calls/,removal
2026-03-16,Kent Wins FEED Contract For Greece’s Prinos CO2 Storage Project,Capture|Storage,https://carbonherald.com/kent-wins-feed-contract-for-greeces-prinos-co2-storage-project/,capture
2026-03-16,"In A Landmark Motion, The Govt Of Canada To Invest At Least $7M In CDR Credits",BECCS|Biomass|Direct Air Capture|Mineralization|Removal,https://carbonherald.com/in-a-landmark-motion-the-govt-of-canada-to-invest-at-least-7m-in-cdr-credits/,capture|removal
2026-03-16,Conflict In Middle East Casts Doubt On Gulf Carbon Capture Buildout: Rystad,Capture|Energy,https://carbonherald.com/conflict-in-middle-east-casts-doubt-on-gulf-carbon-capture-buildout-rystad/,capture
2026-03-16,CO2next Launches Market Call For Rail CO2 Delivery To Rotterdam Terminal,Capture,https://carbonherald.com/co2next-launches-market-call-for-rail-co2-delivery-to-rotterdam-terminal/,capture
2026-03-13,Warm Springs Ends $25M Forest Carbon Project After Wildfire Loss,Afforestation/Reforestation (ARR)|Forests|Markets|Prices|Removal,https://carbonherald.com/warm-springs-ends-25m-forest-carbon-project-after-wildfire-loss/,removal
2026-03-13,Rewind To Scale Deep Mine Storage CDR Leveraging In-Depth BlueLayer dMRV,Biomass|Removal,https://carbonherald.com/rewind-deep-mine-storage-cdr-bluelayer-dmrv/,removal
2026-03-13,Frontier Launches Call For 2026 Carbon Removal Innovation Program,Mineralization|Ocean|Removal,https://carbonherald.com/frontier-launches-call-for-2026-carbon-removal-innovation-program/,removal
2026-03-13,EU Approves $298M Belgian State Aid For Kairos@C CCS Project,Capture|Storage,https://carbonherald.com/eu-approves-298m-belgian-state-aid-for-kairosc-ccs-project/,capture
2026-03-13,CURA And GFC Move To Commercialize Low-Carbon Cement,Capture,https://carbonherald.com/cura-and-gfc-move-to-commercialize-low-carbon-cement/,capture
2026-03-12,Rainforest Builder Secures Series A Support For Ecosystem Restoration In West Africa,Forests|Removal,https://carbonherald.com/rainforest-builder-secures-series-a-support-for-ecosystem-restoration-in-west-africa/,removal
2026-03-12,Carbon Centric’s Kirkenær BECCS Project Successfully Advances Towards Certification,BECCS|Capture|Removal,https://carbonherald.com/carbon-centrics-kirkenaer-beccs-project-successfully-advances-towards-certification/,capture|removal
2026-03-11,Wirral Council Urges UK Government to Scrap Peak Cluster CO2 Pipeline,Capture|Storage|Uncategorized,https://carbonherald.com/wirral-council-urges-uk-government-to-scrap-peak-cluster-co2-pipeline/,capture
2026-03-11,Svante Advances New BECCS Project At US Paper Mill,BECCS|Markets|Removal,https://carbonherald.com/svante-advances-new-beccs-project-at-us-paper-mill/,capture|removal
2026-03-11,DP World Launches Carbon Inset Trial To Reduce Ocean Freight Emissions,Removal,https://carbonherald.com/dp-world-launches-carbon-inset-trial-to-reduce-ocean-freight-emissions/,removal
2026-03-11,ClimeFi Publishes 2026 Insights On The Durable Carbon Removal Market,Markets|Removal,https://carbonherald.com/climefi-publishes-2026-insights-on-the-durable-carbon-removal-market/,removal
2026-03-11,Bregal Sphere To Back Imperative With Up To $500M For Nature Restoration Projects,Forests|Removal,https://carbonherald.com/bregal-sphere-to-back-imperative-with-up-to-500m-for-nature-restoration-projects/,removal
2026-03-10,POET Sues Indiana County Over Carbon Capture Moratorium,Capture|Policy,https://carbonherald.com/poet-sues-indiana-county-over-carbon-capture-moratorium/,capture
2026-03-10,New Carbon Gap CDR Readiness Assesment Says Spain Can Lead In Removals If Policy Paves The Way Rapidly,Markets|Removal,https://carbonherald.com/new-carbon-gap-cdr-readiness-assesment-says-spain-can-lead-in-removals-if-policy-paves-the-way-rapidly/,removal
2026-03-10,Carbon Direct Outlines Groundbreaking Roadmap For Pairing Superpollutants Mitigation With CDR,Removal,https://carbonherald.com/carbon-direct-outlines-groundbreaking-roadmap-for-pairing-superpollutants-mitigation-with-cdr/,removal
2026-03-10,AIRCO Develops Containerized MAD System For On-Demand Synthetic Fuel,Direct Air Capture|Fuels|Removal,https://carbonherald.com/airco-develops-containerized-mad-system-for-on-demand-synthetic-fuel/,capture|removal
2026-03-09,Watershed Opens 2026 Carbon Removal RFP Round,Markets|Removal,https://carbonherald.com/watershed-opens-2026-carbon-removal-rfp-round/,removal
2026-03-09,Svitzer Unveils Coastal CO2 Shipping Model For Emerging CCS Networks,Capture,https://carbonherald.com/svitzer-unveils-coastal-co2-shipping-model-for-emerging-ccs-networks/,capture
2026-03-09,New Whitepaper Outlines Geochemical CDR Scaling Opportunities In Mining,Mineralization|Removal,https://carbonherald.com/new-whitepaper-outlines-electrochemical-cdr-scaling-opportunities-in-mining/,removal
2026-03-09,"Biochar Leader Exomad Green Surpasses 300,000 Delivered Carbon Removal Credits",Biomass|Removal,https://carbonherald.com/biochar-leader-exomad-green-surpasses-300000-delivered-carbon-removal-credits/,removal
2026-03-07,IEA: Carbon Management Technologies Gain Funding And Policy Support But Funding Gap Deepens,Capture|Removal,https://carbonherald.com/iea-carbon-management-funding-policy-support/,capture|removal
2026-03-06,Sirona Technologies Secures New CDR Agreement Facilitated By Patch,Direct Air Capture|Removal,https://carbonherald.com/sirona-technologies-secures-new-cdr-agreement-facilitated-by-patch/,removal
2026-03-06,Saipem And Capsol Join Forces On Large-Scale Carbon Capture Deployment,Capture,https://carbonherald.com/saipem-and-capsol-join-forces-on-large-scale-carbon-capture-deployment/,capture
2026-03-06,NEP Begins Appraisal Drilling For UK CCS Project,Capture|Storage,https://carbonherald.com/nep-begins-appraisal-drilling-for-uk-ccs-project/,capture
2026-03-06,A New Advance Carbon Removal Coalition To Drive Demand For Canadian CDR,Markets|Removal,https://carbonherald.com/a-new-advance-carbon-removal-coalition-to-drive-demand-for-canadian-cdr/,removal
2026-03-05,Syzygy Expands Global SAF Pipeline With New Brazil Biogas Agreement,Capture|Fuels,https://carbonherald.com/syzygy-expands-global-saf-pipeline-with-new-brazil-biogas-agreement/,capture
2026-03-05,Svante Acquires Canada-Based CDR Developer Carbon Alpha,BECCS|Capture|Removal,https://carbonherald.com/svante-acquires-canada-based-cdr-developer-carbon-alpha/,capture|removal
2026-03-05,Strategic Biofuels CCS Project Receives Draft Class VI Well Permit,Capture|Fuels|Storage,https://carbonherald.com/strategic-biofuels-ccs-project-receives-draft-class-vi-well-permit/,capture
2026-03-05,Carbon Management Society Opens Membership As Climate Accountability Tightens,Capture|Removal,https://carbonherald.com/carbon-management-society-opens-membership-as-climate-accountability-tightens/,capture|removal
2026-03-05,Boeing Inks A New Deal With Carbonfuture For One Of Aviation’s Boldest CDR Procurements,Biomass|Removal,https://carbonherald.com/boeing-inks-a-new-deal-with-carbonfuture-for-one-of-aviations-boldest-cdr-procurements/,removal
2026-03-04,The Mercedes-AMG PETRONAS F1 Team Expands Its Global CDR Portfolio,Biomass|Direct Air Capture|Mineralization|Ocean|Removal,https://carbonherald.com/the-mercedes-amg-petronas-f1-team-expands-its-global-cdr-portfolio/,removal
2026-03-04,SMI Urges Dedicated Fund To Close CCS Financing Gap,Capture,https://carbonherald.com/smi-urges-dedicated-fund-to-close-ccs-financing-gap/,capture
2026-03-04,Octavia Carbon Secures An Offtake Agreement Via Carbon Direct,Direct Air Capture|Removal|Storage,https://carbonherald.com/octavia-carbon-secures-an-offtake-agreement-via-carbon-direct/,capture|removal
2026-03-04,Greece Grants 25-Year CO2 Storage Permit For Prinos Project,Capture|Storage,https://carbonherald.com/greece-grants-25-year-co2-storage-permit-for-prinos-project/,capture
2026-03-03,Carbon Startup CUR8 Taps Fintech Executive As COO To Drive Next Phase Of Growth,Removal,https://carbonherald.com/carbon-startup-cur8-taps-fintech-executive-as-coo-to-drive-next-phase-of-growth/,removal
2026-03-03,AirMyne And ENEOS Team Up To Bring Direct Air Capture To Commercial Scale,Direct Air Capture|Removal,https://carbonherald.com/airmyne-eneos-direct-air-capture/,removal
2026-03-02,"The Carbon Business Council, Emerald Climate Back Removals In Asia-Pacific With New APACdr Initiative",Removal,https://carbonherald.com/the-carbon-business-council-emerald-climate-back-removals-in-asia-pacific-with-new-apacdr-initiative/,removal
2026-03-02,Seabound Deploys First Full-Scale Onboard CCS System,Capture,https://carbonherald.com/seabound-deploys-first-full-scale-onboard-ccs-system/,capture
2026-03-02,CUR8 Secures New Strategic Investment From Tokyo Gas-Backed Acario,Investment|Removal,https://carbonherald.com/cur8-secures-new-strategic-investment-from-tokyo-gas-backed-acario/,removal
2026-03-02,45Q Tax Credit Faces Growing Backlash Over Oil-Linked Carbon Capture,Capture|Policy,https://carbonherald.com/45q-tax-credit-faces-growing-backlash-over-oil-linked-carbon-capture/,capture
2026-02-27,The LEGO Group Invests New $2.8M In CDR Projects,Biomass|Forests|Mineralization|Ocean|Removal,https://carbonherald.com/the-lego-group-invests-new-2-8m-in-cdr-projects/,removal
2026-02-27,Supercritical Transacts The Largest Volumes Of Puro.earth-Delivered CDR Credits For A Second Year In A Row,Markets|Removal,https://carbonherald.com/supercritical-transacts-the-largest-volumes-of-puro-earth-delivered-cdr-credits-for-a-second-year-in-a-row/,removal
2026-02-27,CCSA Warns CCUS Delays Could Drive Industry Out Of The EU,Capture|Storage|Utilization,https://carbonherald.com/ccsa-warns-ccus-delays-eu/,capture
2026-02-27,Air Liquide And Holcim To Decarbonize Cement With Carbon Capture In Belgium,Capture,https://carbonherald.com/air-liquide-and-holcim-to-decarbonize-cement-with-carbon-capture-in-belgium/,capture
2026-02-26,U.S. Congress Now Considering First mCDR Research Bill,Ocean|Removal,https://carbonherald.com/u-s-congress-now-considering-first-mcdr-research-bill/,removal
2026-02-26,Lithuania’s Akmenes Cementas Lines Up €700M Carbon Capture Bet,Capture,https://carbonherald.com/lithuanias-akmenes-cementas-lines-up-e700m-carbon-capture-bet/,capture
2026-02-26,Indigo Ag Tops 2M Metric Tons Of Verified Soil Carbon Credits,Farming|Markets|Removal,https://carbonherald.com/indigo-ag-tops-2m-metric-tons-of-verified-soil-carbon-credits/,removal
2026-02-26,Carbon Direct Partners With C2X On A Biomass-To-Biofuel Project In Louisiana,Biomass|Removal,https://carbonherald.com/carbon-direct-partners-with-c2x-on-a-biomass-to-biofuel-project-in-louisiana/,removal
2026-02-25,Verified Soil Carbon Credits Deliver New Income Stream For U.S. Farmers,Farming|Markets|Removal,https://carbonherald.com/verified-soil-carbon-credits-deliver-new-income-stream-for-u-s-farmers/,removal
2026-02-25,The US NIST Carbon Removal Consortium Welcomes Avantium As A New Member,Direct Air Capture|Removal,https://carbonherald.com/the-us-nist-carbon-removal-consortium-welcomes-avantium-as-a-new-member/,removal
2026-02-25,Söderenergi Freezes Carbon Capture Plans Amid Market Uncertainty,BECCS|Capture,https://carbonherald.com/soderenergi-freezes-carbon-capture-plans-amid-market-uncertainty/,capture
2026-02-25,Stanlow Consortium Maps CO2 Shipping Route Into UK Offshore Storage,Capture|Storage,https://carbonherald.com/stanlow-consortium-maps-co2-shipping-route-into-uk-offshore-storage/,capture
2026-02-25,Climeworks And RCJY Strenghten Partnership To Advance Large-Scale DAC In Saudi Arabia,Direct Air Capture|Removal,https://carbonherald.com/climeworks-and-rcjy-strenghten-partnership-to-advance-large-scale-dac-in-saudi-arabia/,removal
2026-02-24,Sweden Backs Malmö CO2 Hub To Anchor Emerging CCS Network,Capture|Storage|Utilization,https://carbonherald.com/sweden-backs-malmo-co2-hub-to-anchor-emerging-ccs-network/,capture
2026-02-24,"In A New Deal, Microsoft Buys Forest Restoration Credits From Rainforest Builder",Forests|Removal,https://carbonherald.com/in-a-new-deal-microsoft-buys-forest-restoration-credits-from-rainforest-builder/,removal
2026-02-24,Grassroots Carbon Is Now A Member Of The Soil Carbon Consortium At Colorado State University,Farming|Removal,https://carbonherald.com/grassroots-carbon-is-now-a-member-of-the-soil-carbon-consortium-at-colorado-state-university/,removal
2026-02-23,New Study Determines The Best US Spots For Electrochemical mCDR Deployments,Ocean|Removal,https://carbonherald.com/new-study-determines-the-best-us-spots-for-electrochemical-mcdr-deployments/,removal
2026-02-23,Louisiana Regulator Pushes Back On NGO Report Criticizing CCS Oversight,Capture|Policy|Storage,https://carbonherald.com/louisiana-regulator-pushes-back-on-ngo-report-criticizing-ccs-oversight/,capture
2026-02-23,"Climeworks Announces New Headquarters In Alberta, Canada",Direct Air Capture|Removal,https://carbonherald.com/climeworks-announces-new-headquarters-in-alberta-canada/,removal
2026-02-23,Canada Launches New CCUS FEED Funding Call To Accelerate Investment-Ready Projects,Capture|Storage|Utilization,https://carbonherald.com/canada-launches-new-ccus-feed-funding-call-to-accelerate-investment-ready-projects/,capture
2026-02-20,Lapis Carbon Solutions Files Class VI Permit For CCS Project In Illinois,Capture|Storage,https://carbonherald.com/lapis-carbon-solutions-files-class-vi-permit-for-ccs-project-in-illinois/,capture
2026-02-20,IRS Creates Temporary Safe Harbor To Shield 45Q Carbon Capture Credits,Capture|Direct Air Capture|Energy|Fuels|Policy|Removal|Storage,https://carbonherald.com/irs-creates-temporary-safe-harbor-to-shield-45q-carbon-capture-credits/,capture|removal
2026-02-20,FLS Group And Cula Join Forces To Tackle A Conflict Of Interest In Biochar MRV,Biomass|Removal,https://carbonherald.com/fls-group-and-cula-join-forces-to-tackle-a-conflict-of-interest-in-biochar-mrv/,removal
2026-02-20,Climate Impact Partners Registers The First VM0047 Project In India,Farming|Forests|Removal,https://carbonherald.com/climate-impact-partners-registers-the-first-vm0047-project-in-india/,removal
2026-02-20,Carbon Direct Releases New CDR 2.0 Framework For Moving The Needle From Commitment To Delivery,Markets|Removal,https://carbonherald.com/carbon-direct-releases-new-cdr-2-0-framework-for-moving-the-needle-from-commitment-to-delivery/,removal
2026-02-19,"Varaha Introduces New Biochar Partnership Program, Kicking Off Novel Project In Côte d’Ivoire",Biomass|Removal,https://carbonherald.com/varaha-introduces-new-biochar-partnership-program-kicking-off-novel-project-in-cote-divoire/,removal
2026-02-19,Senken Enriches Its Portfolio Of CDR Offerings With European Forestry Credits By Ocell,Forests|Removal,https://carbonherald.com/senken-enriches-its-portfolio-of-cdr-offerings-with-european-forestry-credits-by-ocell/,removal
2026-02-19,New ABB CCUS Measurement System Targets Pipeline Safety And CO2 Quality,Capture|Storage|Utilization,https://carbonherald.com/new-abb-ccus-measurement-system-targets-pipeline-safety-and-co2-quality/,capture
2026-02-19,ExxonMobil Starts Up Second CCS Project in Louisiana with NG3 Launch,Capture,https://carbonherald.com/exxonmobil-starts-up-second-ccs-project-in-louisiana-with-ng3-launch/,capture
2026-02-19,"ClimeFi Launches Its New Due Diligence Coverage Platform, Easing Buyers With CDR Decisions",Markets|Removal,https://carbonherald.com/climefi-launches-its-new-due-diligence-coverage-platform-easing-buyers-with-cdr-decisions/,removal
2026-02-18,The U.S. Environmental Protection Agency Grants $14.7M For A Biochar Project By The Tule River Tribe,Biomass|Removal,https://carbonherald.com/the-u-s-environmental-protection-agency-grants-14-7m-for-a-biochar-project-by-the-tule-river-tribe/,removal
2026-02-18,The Colorado Energy Office Awards $2.35M To CREW Carbon And Its Wastewater Treatment CDR Tech,Mineralization|Removal,https://carbonherald.com/the-colorado-energy-office-awards-2-35m-to-crew-carbon-and-its-wastewater-treatment-cdr-tech/,removal
2026-02-18,Tapestry Invests In The Most Diversified CDR Portfolio By Climeworks To Date,BECCS|Mineralization|Removal|Storage,https://carbonherald.com/tapestry-invests-in-the-most-diversified-cdr-portfolio-by-climeworks-to-date/,capture|removal
2026-02-18,Senate Democrats Challenge DOE Over CCUS Funds Redirected To Coal,Capture|Energy|Policy,https://carbonherald.com/senate-democrats-challenge-doe-over-ccus-funds-redirected-to-coal/,capture
2026-02-18,Malaysia And Japan Advance Cross-Border CCS Plan,Capture|Storage,https://carbonherald.com/malaysia-and-japan-advance-cross-border-ccs-plan/,capture
2026-02-18,CarbonQuest Enters Canada With MOF-Enhanced CCS,Capture,https://carbonherald.com/carbonquest-enters-canada-with-mof-enhanced-ccs/,capture
2026-02-17,UK’s Octopus Energy Invests $1B In CDR And Clean Energy Tech In California,Farming|Forests|Removal,https://carbonherald.com/uks-octopus-energy-invests-1b-in-cdr-and-clean-energy-tech-in-california/,removal
2026-02-17,"New AlliedOffsets Research Notes A Maturing CDR Market Paired With Exits, Consolidations & Strategic Partnerships",Markets|Removal,https://carbonherald.com/new-alliedoffsets-research-notes-a-maturing-cdr-market-paired-with-exits-consolidations-strategic-partnerships/,removal
2026-02-17,MHI Advances Integrated Pathway For Synthetic Aviation Fuel From CO2,Capture|Fuels,https://carbonherald.com/mhi-advances-integrated-pathway-for-synthetic-aviation-fuel-from-co2/,capture
2026-02-17,Cascade Climate Is Looking For Partners For A New Coordinated ERW Research Network,Farming|Mineralization|Removal|Uncategorized,https://carbonherald.com/cascade-climate-is-looking-for-partners-for-a-new-coordinated-erw-research-network/,removal
2026-02-16,SkyNRG Advances First Dutch SAF Plant Into Construction Phase,Capture|Fuels,https://carbonherald.com/skynrg-advances-first-dutch-saf-plant-into-construction-phase/,capture
2026-02-16,Releaf Earth Issues First Carbon Credits For Salesforce Via Milkywire,Biomass|Removal,https://carbonherald.com/releaf-earth-issues-first-carbon-credits-for-salesforce-via-milkywire/,removal
2026-02-16,"In A New Partnership, Mangrove Systems To Provide dMRV For Super6’s U.S.-Based CDR Network",Removal|Storage,https://carbonherald.com/in-a-new-partnership-mangrove-systems-to-provide-dmrv-for-super6s-u-s-based-cdr-network/,capture|removal
2026-02-16,Alberta Funds Integrated RNG And Carbon Capture Project In Coaldale,Capture|Energy,https://carbonherald.com/alberta-funds-integrated-rng-and-carbon-capture-project-in-coaldale/,capture
2026-02-13,Rothschild & Co To Invest In Accelerated Carbonation Credits By O.C.O Technology,Mineralization|Removal|Storage,https://carbonherald.com/rothschild-co-to-invest-in-accelerated-carbonation-credits-by-o-c-o-technology/,capture|removal
2026-02-13,France Commits $2B To Industrial Decarbonization & CCUS,Capture|Storage|Utilization,https://carbonherald.com/france-commits-2b-to-industrial-decarbonization-ccus/,capture
2026-02-13,EU Funding Supports CO2 Terminal Development In Hirtshals,Capture,https://carbonherald.com/eu-funding-supports-co2-terminal-development-in-hirtshals/,capture
2026-02-13,"Curbing GHG Pollution No Longer A Federal Responsibility, CDR And Capture Face New Uncertainties",Capture|Policy|Removal,https://carbonherald.com/curbing-ghg-pollution-is-no-longer-a-u-s-federal-responsibility-and-carbon-removal-and-capture-now-face-new-uncertainties/,capture|removal
2026-02-13,Carbogenics To Scale Biochar Operations With New $3M Funding,Biomass|Removal,https://carbonherald.com/carbogenics-to-scale-biochar-operations-with-new-3m-funding/,removal
2026-02-12,Worley Selected For Engineering Work On Qatar LNG CO2 Storage Project,Capture,https://carbonherald.com/worley-selected-for-engineering-work-on-qatar-lng-co2-storage-project/,capture
2026-02-12,Introducing: A New CDR Messaging And Lexicon Guide By The Carbon Business Council And Potential Energy Coalition,Removal,https://carbonherald.com/introducing-a-new-cdr-messaging-and-lexicon-guide-by-the-carbon-business-council-and-potential-energy-coalition/,removal
2026-02-12,goodcarbon Is Looking For Nature-Based CDR Credits For A Food & Beverage Company,Farming|Forests|Removal,https://carbonherald.com/goodcarbon-is-looking-for-nature-based-cdr-credits-for-a-food-beverage-company/,removal
2026-02-12,Global CCS Institute Opens Submissions For 2026 Tech Showcase,Capture,https://carbonherald.com/global-ccs-institute-opens-submissions-for-2026-tech-showcase/,capture
2026-02-12,Exomad Green Partners With Senken On New CDR Deal Indended For The Aviation Industry,Biomass|Removal,https://carbonherald.com/exomad-green-partners-with-senken-on-new-cdr-deal-indended-for-the-aviation-industry/,removal
2026-02-11,New Supercritical Report Examines How Delivery Risk Is Reshaping The CDR Demand,Markets|Removal,https://carbonherald.com/new-supercritical-report-examines-how-delivery-risk-is-reshaping-the-cdr-demand/,removal
2026-02-11,DNV Endorses ADNOC West Aquifer CO2 Storage Site,Capture|Storage,https://carbonherald.com/dnv-endorses-adnoc-west-aquifer-co2-storage-site/,capture
2026-02-11,Chestnut’s Forestry Project Is Now The First Such U.S. FSC-Verified Initiative For Biodiversity Conservation Impact,Forests|Removal,https://carbonherald.com/chestnuts-forestry-project-is-now-the-first-such-u-s-fsc-verified-initiative-for-biodiversity-conservation-impact/,removal
2026-02-10,Opinion: Cross-Border Carbon Storage; The Other Exchange Programme,Capture|Opinion|Storage,https://carbonherald.com/opinion-cross-border-carbon-storage-the-other-exchange-programme/,capture
2026-02-10,Is Balancing Short-Term And Durable Carbon Removals The Key To Reaching Climate Targets?,Biomass|Direct Air Capture|Farming|Forests|Mineralization|Ocean|Removal,https://carbonherald.com/is-balancing-short-term-and-durable-carbon-removals-the-key-to-reaching-climate-targets/,removal
2026-02-10,Exclusive: Carbon Direct’s 2026 State Of VCM Report Highlights Buyer Hesitancy As A Bottleneck For CDR Scale-Up,Markets|Removal,https://carbonherald.com/exclusive-carbon-directs-2026-state-of-vcm-report-highlights-buyer-hesitancy-as-a-bottleneck-for-cdr-scale-up/,removal
2026-02-10,Equinor Steps Back From CCS Expansion As Market Signals Weaken,Capture,https://carbonherald.com/equinor-steps-back-from-ccs-expansion-as-market-signals-weaken/,capture
2026-02-10,Denmark’s CCS Tender: Failure Or Reality Check?,Capture|Storage|Uncategorized,https://carbonherald.com/denmarks-ccs-tender-failure-or-reality-check/,capture
2026-02-10,"Carbon180, The Carbon Business Council & Ocean Conservancy Launch New mCDR Forum",Ocean|Removal,https://carbonherald.com/carbon180-the-carbon-business-council-ocean-concervancy-launch-new-mcdr-forum/,removal
2026-02-09,Quebec Tables Bill 17 To Regulate Geological CO2 Storage,Capture|Policy|Storage,https://carbonherald.com/quebec-tables-bill-17-to-regulate-geological-co2-storage/,capture
2026-02-09,Prinos CO2 Storage Project Offshore Greece Gets EU Endorsement,Capture|Storage,https://carbonherald.com/prinos-co2-storage-project-offshore-greece-gets-eu-endorsement/,capture
2026-02-09,Parallel Carbon To Deliver CDR For Zurich Insurance Group Via Novel DAC+H2 Technology,Direct Air Capture|Hydrogen|Removal,https://carbonherald.com/parallel-carbon-to-deliver-cdr-for-zurich-insurance-group-via-novel-dach2-technology/,removal
2026-02-09,New Oxford Study Signals Legal Risks In CDR Overreliance,Removal,https://carbonherald.com/new-oxford-study-signals-legal-risks-in-cdr-overreliance/,removal
2026-02-09,CarbonStorage.io Launches Global CCS And Low-Carbon Infrastructure Intelligence Platform,BECCS|Capture|Direct Air Capture|Fuels|Hydrogen|Storage|Utilization,https://carbonherald.com/carbonstorage-io-launches-global-ccs-and-low-carbon-infrastructure-intelligence-platform/,capture|removal
2026-02-09,Boomitra Issues An Eyecatching 3.03M Credits From The Largest Verra-Approved Soil Carbon Project To Date,Farming|Markets|Removal,https://carbonherald.com/boomitra-issues-an-eyecatching-3-03m-credits-from-the-largest-verra-approved-soil-carbon-project-to-date/,removal
2026-02-07,Carbon Removal And Utilization Get A Boost: Earthshot and Bezos Earth Fund Back Next-Gen Climate Firms,Mineralization|Removal|Utilization,https://carbonherald.com/carbon-removal-and-utilization-get-a-boost-earthshot-and-bezos-earth-fund-back-next-gen-climate-firms/,capture|removal
2026-02-06,UK Opens New Route For CCUS Projects To Join East Coast Cluster Teesside,Capture|Policy|Storage|Utilization,https://carbonherald.com/uk-opens-new-route-for-ccus-projects-to-join-east-coast-cluster-teesside/,capture
2026-02-06,"Terradot Acquires Eion, Forming New Leading Enhanced Rock Weathering Platform",Mineralization|Removal,https://carbonherald.com/terradot-acquires-eion-forming-new-leading-enhanced-rock-weathering-platform/,removal
2026-02-06,"Germany Can Unlock Net-Zero By 2045 If CDR Is Scaled Rapidly, Says New Carbon Gap & Sweco Report",BECCS|Biomass|Forests|Markets|Mineralization|Removal,https://carbonherald.com/germany-can-unlock-net-zero-by-2045-if-cdr-is-scaled-rapidly-says-new-carbon-gap-sweco-report/,capture|removal
2026-02-06,Dutch Porthos Project Prepares North Sea Gas Wells For CO2 Injection,Capture|Storage,https://carbonherald.com/dutch-porthos-project-prepares-north-sea-gas-wells-for-co2-injection/,capture
2026-02-06,Climate Startup pHathom Secures Over $12M To Advance Coastal Carbon Capture Technology,BECCS|Biomass|Capture|Ocean|Removal,https://carbonherald.com/climate-startup-phathom-secures-over-12m-to-advance-coastal-carbon-capture-technology/,capture|removal
2026-02-05,Ontario Opens Door To New Commercial Carbon Storage Projects,Capture|Policy|Storage,https://carbonherald.com/ontario-opens-door-to-new-commercial-carbon-storage-projects/,capture
2026-02-05,New Study Finds Removing Livestock From Grasslands May Compromise Soil Carbon Sinks,Farming|Removal,https://carbonherald.com/new-study-finds-removing-livestock-from-grasslands-may-compromise-soil-carbon-sinks/,removal
2026-02-05,New Mexico Moves To Slash Carbon Sequestration Approval Times,Capture|Storage,https://carbonherald.com/new-mexico-moves-to-slash-carbon-sequestration-approval-times/,capture
2026-02-05,Climeworks Embarks On A Muli-Year Agreement With Biochar Company Truecoco,Biomass|Removal,https://carbonherald.com/climeworks-embarks-on-a-muli-year-agreement-with-biochar-company-truecoco/,removal
2026-02-05,Clean Hydrogen Works Takes ExxonMobil To Court Over CO2 Pipeline Access,Capture,https://carbonherald.com/clean-hydrogen-works-takes-exxonmobil-to-court-over-co2-pipeline-access/,capture
2026-02-04,Varaha Secures $20M To Scale Carbon Removal In The Global South,Farming|Forests|Removal,https://carbonherald.com/varaha-secures-20m-to-scale-carbon-removal-in-the-global-south/,removal
2026-02-04,US Treasury And IRS Unveil Draft Rules For Clean Fuel Tax Credit,Capture|Fuels|Policy,https://carbonherald.com/us-treasury-and-irs-unveil-draft-rules-for-clean-fuel-tax-credit/,capture
2026-02-04,Marsh Report Flags Policy Gaps That Could Undermine European CCS Funding,Capture|Storage,https://carbonherald.com/marsh-report-flags-policy-gaps-that-could-undermine-european-ccs-funding/,capture
2026-02-04,EU Adopts The World’s First Voluntary Standard For Permanent CDR,Biomass|Direct Air Capture|Markets|Removal|Storage,https://carbonherald.com/eu-adopts-the-worlds-first-voluntary-standard-for-permanent-cdr/,capture|removal
2026-02-04,Aalborg Portland Targets 1.4 Mt CO2 Capture with Bid for Denmark’s CCS Funding Pool,Capture,https://carbonherald.com/aalborg-portland-targets-1-4-mt-co2-capture-with-bid-for-denmarks-ccs-funding-pool/,capture
2026-02-03,Oxyfuel Combustion Seen As Fast-Track Decarbonization Tool For Heavy Industry,Capture|Fuels,https://carbonherald.com/oxyfuel-combustion-seen-as-fast-track-decarbonization-tool-for-heavy-industry/,capture
2026-02-03,Cloverly To Help Streamline Carbon Transactions For Dutch Company Scature,Forests|Markets|Removal,https://carbonherald.com/cloverly-to-help-streamline-carbon-transactions-for-dutch-company-scature/,removal
2026-02-03,Climate Impact Partners Appoints Ryan King As Its New Chief Growth Officer,Markets|Removal,https://carbonherald.com/climate-impact-partners-apponts-ryan-king-as-its-new-chief-growth-officer/,removal
2026-02-02,Verra Applies First CORSIA Labels To Voluntary Carbon Credits From Africa,Compliance|Markets|Removal,https://carbonherald.com/verra-applies-first-corsia-labels-to-voluntary-carbon-credits-from-africa/,removal
2026-02-02,Sweden Opens New $28M Bio-CCS Funding Call Under Industriklivet,Capture,https://carbonherald.com/sweden-opens-new-28m-bio-ccs-funding-call-under-industriklivet/,capture
2026-02-02,Siemens To Help Ucaneo Optimize Operations At Its DAC Plants,Direct Air Capture|Removal,https://carbonherald.com/siemens-to-help-ucaneo-optimize-operations-at-its-dac-plants/,removal
2026-02-02,Northern Lights Orders Four More CO2 Ships,Capture|Storage,https://carbonherald.com/northern-lights-orders-four-more-co2-ships/,capture
2026-02-02,GHG Protocol Rolls Out First Global Standard For Land-Sector Emissions And Carbon Removal,Article 6|Carbon Accounting|Direct Air Capture|Farming|Forests|Markets|Policy|Removal|Voluntary,https://carbonherald.com/ghg-protocol-rolls-out-first-global-standard-for-land-sector-emissions-and-carbon-removal/,removal
2026-02-02,FLS Group And DecarboEngineering Team Up On Biochar Deployment In Paraguay,Biomass|Removal,https://carbonherald.com/fls-group-and-decarboengineering-team-up-on-biochar-deployment-in-paraguay/,removal
2026-02-02,Did Carbon Actually Score A Quiet Win In Congress?,BECCS|Capture|Direct Air Capture|Energy|Policy|Removal|Storage|Utilization,https://carbonherald.com/did-carbon-actually-score-a-quiet-win-in-congress/,capture|removal
2026-02-01,India Puts $2.4 Billion Behind Carbon Capture Push In Next Budget,Capture|Energy|Fuels|Policy|Storage|Utilization,https://carbonherald.com/india-puts-2-4-billion-behind-carbon-capture-push-in-next-budget/,capture
2026-01-30,"The Miombo Restoration Alliance, Backed By Trafigura, To Invest Over $1B In Four CDR Projects",Farming|Forests|Removal,https://carbonherald.com/the-miombo-restoration-alliance-backed-by-trafigura-to-invest-over-1b-in-four-cdr-projects/,removal
2026-01-30,Mast Reforestation Sells And Delivers First Credits From Its Biomass Burial And Post-Fire Restoration Project,Biomass|Removal|Storage,https://carbonherald.com/mast-reforestation-sells-and-delivers-first-credits-from-its-biomass-burial-and-post-fire-restoration-project/,capture|removal
2026-01-30,Drax Rolls Out Digital Biomass Tracker To Increase Supply Chain Transparency,BECCS|Capture,https://carbonherald.com/drax-rolls-out-digital-biomass-tracker-to-increase-supply-chain-transparency/,capture
2026-01-29,UK-Sweden Alliance Targets Baltic Sea CCUS Infrastructure Build-Out,Capture|Storage|Utilization,https://carbonherald.com/uk-sweden-alliance-targets-baltic-sea-ccus-infrastructure-build-out/,capture
2026-01-29,SLB Records Major Loss Linked To Carbon Capture Project,Capture|Storage,https://carbonherald.com/slb-records-major-loss-linked-to-carbon-capture-project/,capture
2026-01-29,Co-Reactive Secures More Than $7M In Seed Funding For Its Cement Decarbonization Solution,Mineralization|Removal|Utilization,https://carbonherald.com/co-reactive-secures-more-than-7m-in-seed-funding-for-its-cement-decarbonization-solution/,capture|removal
2026-01-29,Carbonaide To Scale Its Carbon Negative Concrete Tech With New $4.4M Funding,Mineralization|Removal|Storage|Utilization,https://carbonherald.com/carbonaide-to-scale-its-carbon-negative-concrete-tech-with-new-4-4m-funding/,capture|removal
2026-01-28,Wild Assets Invests In Deep Mine Storage Credits By Rewind,Biomass|Removal|Storage,https://carbonherald.com/wild-assets-invests-in-deep-mine-storage-credits-by-rewind/,capture|removal
2026-01-28,"U.S. SAF Market Consolidates As XCF Global, Southern Energy, And DevvStream Discuss Joining Forces",Capture|Utilization,https://carbonherald.com/u-s-saf-market-consolidates-as-xcf-global-southern-energy-and-devvstream-discuss-joining-forces/,capture
2026-01-28,Puro.earth Unveils Premium Service To Accelerate Carbon Credit Issuance,Markets|Removal,https://carbonherald.com/puro-earth-unveils-premium-service-to-accelerate-carbon-credit-issuance/,removal
2026-01-28,LanzaTech Secures $20M Funding To Advance Carbon Utilization Deployment,Capture|Fuels|Utilization,https://carbonherald.com/lanzatech-secures-20m-funding-to-advance-carbon-utilization-deployment/,capture
2026-01-28,"In A New Analysis, Canada Energy Regulator Reflects On The Country’s Growing CDR Sector",Biomass|Direct Air Capture|Markets|Mineralization|Ocean|Removal,https://carbonherald.com/in-a-new-analysis-canada-energy-regulator-reflects-on-the-countrys-growing-cdr-sector/,removal
2026-01-28,Holcim Deepens Carbon Capture Strategy With Capsol Investment,Capture,https://carbonherald.com/holcim-deepens-carbon-capture-strategy-with-capsol-investment/,capture
2026-01-28,From Orphan Wells To Industry Software: Well Done Foundation Broadens Its Reach,Capture|Energy|Technology,https://carbonherald.com/orphan-wells-industry-software-well-done-foundation/,capture
2026-01-28,Exxon Launches Commercial CCS Operations With CF Industries In Louisiana,Capture|Storage,https://carbonherald.com/exxon-launches-commercial-ccs-operations-with-cf-industries-in-louisiana/,capture
2026-01-27,UK And EU Port Operators Launch Carbon Shipping Collaboration,Capture,https://carbonherald.com/uk-and-eu-port-operators-launch-carbon-shipping-collaboration/,capture
2026-01-27,Origen Successfully Demonstrates Its Pioneering Zero-Emissions Lime Kiln In North Dakota,Direct Air Capture|Mineralization|Removal,https://carbonherald.com/origen-successfully-demonstrates-its-pioneering-zero-emissions-lime-kiln-in-north-dakota/,removal
2026-01-27,Indiana Advances Bid To Regulate Carbon Storage Wells,Capture|Policy|Storage,https://carbonherald.com/indiana-advances-bid-to-regulate-carbon-storage-wells/,capture
2026-01-27,CEEZER And Swisscom Team Up To Expand CDR Access And Scale Deployments,Removal,https://carbonherald.com/ceezer-and-swisscom-team-up-to-expand-cdr-access-and-scale-deployments/,removal
2026-01-26,The Negative Emissions Platform Outlines Ways To Unlock Short-Term CDR Demand In The EU,Markets|Policy|Removal,https://carbonherald.com/the-negative-emissions-platform-outlines-ways-to-unlock-short-term-cdr-demand-in-the-eu/,removal
2026-01-26,South Africa Issues First Verra CCB-Labeled Grassland Carbon Credits Globally,Farming|Markets|Removal,https://carbonherald.com/south-africa-issues-first-verra-ccb-labeled-grassland-carbon-credits-globally/,removal
2026-01-26,EU Is Now Looking For Input On The CRCF Regulation,Policy|Removal,https://carbonherald.com/eu-is-now-looking-for-input-on-the-crcf-regulation/,removal
2026-01-26,"CCUS Set To Play Minor Role In Net-Zero Transition, IEEFA Says",Capture|Storage|Utilization,https://carbonherald.com/ccus-set-to-play-minor-role-in-net-zero-transition-ieefa-says/,capture
2026-01-26,AI’s Climate Impact: Can Carbon Capture Solve Data Center Emissions?,Capture|Storage|Utilization,https://carbonherald.com/ais-climate-impact-can-carbon-capture-solve-data-center-emissions/,capture
2026-01-23,Iowa House Moves To Ban Eminent Domain For Carbon Pipelines,Capture|Policy,https://carbonherald.com/iowa-house-moves-to-ban-eminent-domain-for-carbon-pipelines/,capture
2026-01-23,Gold Standard Releases New Methodology For CDR Through Microbial CO2 Mineralization,Farming|Mineralization|Removal,https://carbonherald.com/gold-standard-releases-new-methodology-for-cdr-through-microbial-co2-mineralization/,removal
2026-01-23,"Gevo North Dakota Facility Issues 500,000 High-Integrity Carbon Removal Credits",Markets|Removal,https://carbonherald.com/gevo-north-dakota-facility-issues-500000-high-integrity-carbon-removal-credits/,removal
2026-01-23,Frontier Buyers Back Two Companies Working On Innovative Zero Carbon Lime,Direct Air Capture|Ocean|Removal,https://carbonherald.com/frontier-buyers-back-two-companies-working-on-innovative-zero-carbon-lime/,removal
2026-01-22,Kapture Partners With VINCI To Accelerate Global Carbon Capture Deployment,Capture,https://carbonherald.com/kapture-partners-with-vinci-to-accelerate-global-carbon-capture-deployment/,capture
2026-01-22,First UK Offshore CCS Project Moves To Construction,Capture|Policy|Storage,https://carbonherald.com/first-uk-offshore-ccs-project-moves-to-construction/,capture
2026-01-22,DNV Strikes A Long-Term CDR Agreement With Carbon Centric,BECCS|Capture|Removal,https://carbonherald.com/dnv-strikes-a-long-term-cdr-agreement-with-carbon-centric/,capture|removal
2026-01-22,Charm Industrial Eyes Canadian Market After Inking A New CDR Deal With TD Bank,Biomass|Removal,https://carbonherald.com/charm-industrial-eyes-canadian-market-after-inking-a-new-cdr-deal-with-td-bank/,removal
2026-01-22,Belgian Wastewater Treatment Expert Aquafin To Develop A Biochar Project,Biomass|Removal,https://carbonherald.com/belgian-wastewater-treatment-expert-aquafin-to-develop-a-biochar-project/,removal
2026-01-21,The Inlandsis Fund Invests In Peatland CDR Credits From Pantheon Regeneration,Forests|Removal,https://carbonherald.com/the-inlandsis-fund-invests-in-peatland-cdr-credits-from-pantheon-regeneration/,removal
2026-01-21,Japan’s Mitsui O.S.K. Lines Unveils First Tangible Carbon Removals Under Environmental Vision,Removal,https://carbonherald.com/japans-mitsui-o-s-k-lines-unveils-first-tangible-carbon-removals-under-environmental-vision/,removal
2026-01-21,Inpex Pulls Bonaparte CCS Project From Federal Review,Capture|Policy,https://carbonherald.com/inpex-pulls-bonaparte-ccs-project-from-federal-review/,capture
2026-01-21,CarbonRun Generates World’s First River Alkalinity Enhancement Credits,Ocean|Removal,https://carbonherald.com/carbonrun-issues-worlds-first-river-alkalinity-enhancement-credits/,removal
2026-01-20,Wakefield BioChar Now Issuing Puro.earth-Certified Credist From A New Georgia Facility,Biomass|Removal,https://carbonherald.com/wakefield-biochar-now-issuing-puro-earth-certified-credist-from-a-new-georgia-facility/,removal
2026-01-20,Syzygy Plasmonics And Trafigura Sign Long-Term SAF Offtake Agreement,Capture|Fuels,https://carbonherald.com/syzygy-plasmonics-and-trafigura-sign-long-term-saf-offtake-agreement/,capture
2026-01-20,Nuada And MLC To Demonstrate Next-Gen Carbon Capture At UK Lime Facility,Capture,https://carbonherald.com/nuada-and-mlc-to-demonstrate-next-gen-carbon-capture-at-uk-lime-facility/,capture
2026-01-20,"In 2026, Avnos Predicts A Strong Hybrid DAC Demand Driven By AI Data Centers And Industrial Decarbonization",Direct Air Capture|Removal,https://carbonherald.com/in-2026-avnos-predicts-a-strong-hybrid-dac-demand-driven-by-ai-data-centers-and-industrial-decarbonization/,removal
2026-01-19,Switzerland Advances CO2 Transport Plans With Penspen Pipeline Study,Capture,https://carbonherald.com/switzerland-advances-co2-transport-plans-with-penspen-pipeline-study/,capture
2026-01-19,New Whitepaper Outlines Major CDR Scaling Opportunities Via Industrial Mineralization,Mineralization|Removal,https://carbonherald.com/new-whitepaper-outlines-major-cdr-scaling-opportunities-via-industrial-mineralization/,removal
2026-01-19,Netherlands Bets Оn Carbon Removal With New $11.5m Innovation Push,Capture|Removal,https://carbonherald.com/netherlands-bets-%d0%ben-carbon-removal-with-new-11-5m-innovation-push/,capture|removal
2026-01-19,Is 2026 Going To Be A Breakthrough Year For CDR?,Biomass|Direct Air Capture|Farming|Forests|Markets|Mineralization|Ocean|Removal,https://carbonherald.com/is-2026-going-to-be-a-breakthrough-year-for-cdr/,removal
2026-01-19,Gevo Appoints Alex Clayton As Chief Carbon Officer,BECCS|Capture|Removal,https://carbonherald.com/gevo-appoints-alex-clayton-as-chief-carbon-officer/,capture|removal
2026-01-19,Carbonsate Marks First Credit Issuance From Its Puro.earth-Certified Biomass Storage Project,Biomass|Removal,https://carbonherald.com/carbonsate-marks-first-credit-issuance-from-its-puro-earth-certified-biomass-storage-project/,removal
2026-01-16,"TotalEnergies, Mitsui And Nordsøfonden Secure New CO2 Storage Exploration Permit",Capture|Policy|Storage,https://carbonherald.com/totalenergies-mitsui-and-nordsofonden-secure-new-co2-storage-exploration-permit/,capture
2026-01-16,NEG8 & Prochem Partner On An Engineering Study For A New DAC Project In Ireland,Direct Air Capture|Removal,https://carbonherald.com/neg8-prochem-partner-on-an-engineering-study-for-a-new-dac-project-in-ireland/,removal
2026-01-16,Arca & Giga Metals To Explore CDR At Nickel Mine In Canada,Mineralization|Removal,https://carbonherald.com/arca-giga-metals-to-explore-cdr-at-nickel-mine-in-canada/,removal
2026-01-16,Abu Dhabi Launches Carbon Capture Policy To Strengthen CCUS Framework,Capture|Policy,https://carbonherald.com/abu-dhabi-launches-carbon-capture-policy-to-strengthen-ccus-framework/,capture
2026-01-15,Serbia Prepares Legal Framework For Geological CO2 Storage,Capture|Policy|Storage,https://carbonherald.com/serbia-prepares-legal-framework-for-geological-co2-storage/,capture
2026-01-15,Microsoft Continues Its CDR Purchase Streak With New Deal Signed With Varaha,Biomass|Removal,https://carbonherald.com/microsoft-continues-its-cdr-purchase-streak-with-new-deal-signed-with-varaha/,removal
2026-01-15,Microsoft Buys New 2.85M Credits From Indigo Ag In One Of The Largest Soil CDR Deals To Date,Farming|Removal,https://carbonherald.com/microsoft-buys-new-2-85m-credits-from-indigo-ag-in-one-of-the-largest-soil-cdr-deals-to-date/,removal
2026-01-15,Iowa House Committee Advances Eminent Domain Ban For CO2 Pipelines,Capture|Policy,https://carbonherald.com/iowa-house-committee-advances-eminent-domain-ban-for-co2-pipelines/,capture
2026-01-14,"What’s Next For Carbon Capture, Utilization & Storage (CCUS) In 2026?",Capture|Storage|Utilization,https://carbonherald.com/whats-next-for-carbon-capture-utilization-storage-ccus-in-2026/,capture
2026-01-14,Toray Trial Shows 70% Cost Reduction In Biogas CO2 Separation,Capture,https://carbonherald.com/toray-trial-shows-70-cost-reduction-in-biogas-co2-separation/,capture
2026-01-14,Rubicon Carbon To Provide Microsoft With 2M Forestry Credits From Ugandan Kijani Project,Forests|Removal,https://carbonherald.com/rubicon-carbon-to-provide-microsoft-with-2m-forestry-credits-from-ugandan-kijani-project/,removal
2026-01-14,Cella And PRONOE Secure Prepurchase Deals With Frontier Buyers,Mineralization|Ocean|Removal,https://carbonherald.com/cella-and-pronoe-secure-prepurchase-deals-with-frontier-buyers/,removal
2026-01-13,US Supreme Court Rejects Iowa Counties’ Bid To Regulate Carbon Pipeline,Capture,https://carbonherald.com/us-supreme-court-rejects-iowa-counties-bid-to-regulate-carbon-pipeline/,capture
2026-01-13,"Petrobras, Shell Team Up To Fund Carbon Stock Study Across Brazil",Farming|Forests|Markets|Removal,https://carbonherald.com/petrobras-shell-team-up-to-fund-carbon-stock-study-across-brazil/,removal
2026-01-13,Milkywire Launches A 2026 Open Call For Durable Carbon Removal,Removal,https://carbonherald.com/milkywire-launches-a-2026-open-call-for-durable-carbon-removal/,removal
2026-01-13,Louisiana Lawmaker Proposes Bills To Regulate Carbon Capture Projects,Capture,https://carbonherald.com/louisiana-lawmaker-proposes-bills-to-regulate-carbon-capture-projects/,capture
2026-01-13,BluSky & Associated Energy Developers Ink $8.3M Deal To Expand The AR1 Biochar Site,Biomass|Removal,https://carbonherald.com/blusky-associated-energy-developers-ink-8-3m-deal-to-expand-the-ar1-biochar-site/,removal
2026-01-13,Bain & Company Joins Growing List Of 1PointFive’s Direct Air Capture Buyers,Direct Air Capture|Removal,https://carbonherald.com/bain-company-joins-growing-list-of-1pointfives-direct-air-capture-buyers/,removal
2026-01-12,UK Pushes Carbon Removal Forward With Publication Of Final Innovation Reports,BECCS|Biomass|Direct Air Capture|Farming|Removal,https://carbonherald.com/uk-pushes-carbon-removal-forward-with-publication-of-final-innovation-reports/,capture|removal
2026-01-12,New CDR.fyi Report Shows The Flow Of Carbon Removal Investments In The Past 5 Years,Markets|Removal,https://carbonherald.com/new-cdr-fyi-report-shows-the-flow-of-carbon-removal-investments-in-the-past-5-years/,removal
2026-01-12,GCMD Study Finds Emissions Savings Across Onboard Carbon Capture Value Chain,Capture|Uncategorized,https://carbonherald.com/gcmd-study-finds-emissions-savings-across-onboard-carbon-capture-value-chain/,capture
2026-01-12,Exomad Green Starts 2026 With New Capacity At Riberalta Site,Biomass|Removal,https://carbonherald.com/exomad-green-starts-2026-with-new-capacity-at-riberalta-site/,removal
2026-01-12,Alabama Watershed Authority Supports Legislation To Block CO2 Storage Project,Capture|Storage,https://carbonherald.com/alabama-watershed-authority-supports-legislation-to-block-co2-storage-project/,capture
2026-01-10,Salesforce And Milkywire Ignite Investment In Emerging Carbon Removal Technologies,Biomass|Mineralization|Ocean|Removal,https://carbonherald.com/salesforce-and-milkywire-ignite-investment-in-emerging-carbon-removal-technologies/,removal
2026-01-09,"Greentown Labs, Shell, Technip Energies Launch New Climate Tech Innovation Program",Removal,https://carbonherald.com/greentown-labs-shell-technip-energies-launch-new-climate-tech-innovation-program/,removal
2026-01-09,Grassroots Carbon Delivers 1.9 Mt Of Removals Through Regenerative Ranching,Farming|Markets|Removal,https://carbonherald.com/grassroots-carbon-delivers-1-9-mt-of-removals-through-regenerative-ranching/,removal
2026-01-09,Equitable Earth To Accelerate Nature-Based CDR Certification With New $14.6M Funding,Forests|Removal,https://carbonherald.com/equitable-earth-to-accelerate-nature-based-cdr-certification-with-new-14-6m-funding/,removal
2026-01-08,Foxconn Looking To Solve One Carbon Transportations’s Biggest Challenges,Capture|Storage,https://carbonherald.com/foxconn-looking-to-solve-one-carbon-transportationss-biggest-challenges/,capture
2026-01-08,Chevron’s Gorgon CCS Project Posts Lowest Carbon Storage Levels On Record,Capture|Storage,https://carbonherald.com/chevrons-gorgon-ccs-project-posts-lowest-carbon-storage-levels-on-record/,capture
2026-01-08,CEEZER Is Looking To Back Nature-Based CDR In Its Fourth Accelerator Program,Farming|Forests|Ocean|Removal,https://carbonherald.com/ceezer-is-looking-to-back-nature-based-cdr-in-its-fourth-accelerator-program/,removal
2026-01-08,Carbon Centric Receives $9M+ Enova Grant For Its New Skogn Project,BECCS|Biomass|Removal,https://carbonherald.com/carbon-centric-receives-9m-enova-grant-for-its-new-skogn-project/,capture|removal
2026-01-07,The Carbon Removers Locks In Nearly $1.3 Million In Support From SOSE,BECCS|Biomass|Mineralization|Removal|Storage,https://carbonherald.com/the-carbon-removers-locks-in-nearly-1-3-million-in-support-from-sose/,capture|removal
2026-01-07,Swiss BECCS Project Secures Cross-Border CO2 Storage Deal,BECCS|Capture|Storage,https://carbonherald.com/swiss-beccs-project-secures-cross-border-co2-storage-deal/,capture
2026-01-07,New Study Links Microplastics To Reduced Ocean Carbon Absorption,Ocean|Removal,https://carbonherald.com/new-study-links-microplastics-to-reduced-ocean-carbon-absorption/,removal
2026-01-07,2025 AlliedOffsets Review Notes VCM Growth In A Concentrated Manner,Markets|Removal,https://carbonherald.com/2025-alliedoffsets-review-notes-vcm-growth-in-a-concentrated-manner/,removal
2026-01-06,Stack Carbon To Develop The First Large-Scale Biochar Facility In Uganda,Biomass|Removal,https://carbonherald.com/stack-carbon-to-develop-the-first-large-scale-biochar-facility-in-uganda/,removal
2026-01-06,Decatur To Host Community Forum Amid Carbon Capture Concerns,Capture,https://carbonherald.com/decatur-to-host-community-forum-amid-carbon-capture-concerns/,capture
2026-01-06,Carbonfuture Secures An Investment From Idemitsu Americas Holdings Corporation,Markets|Removal,https://carbonherald.com/carbonfuture-secures-an-investment-from-idemitsu-americas-holdings-corporation/,removal
2026-01-06,Babcock & Wilcox Moves Forward On SolveBright Carbon Capture Deployment,Capture|Energy,https://carbonherald.com/babcock-wilcox-moves-forward-on-solvebright-carbon-capture-deployment/,capture
2026-01-06,Aramco’s LAB7 Invests In U.S. CO2-To-Graphite Startup Homeostasis,Capture|Utilization,https://carbonherald.com/aramcos-lab7-invests-in-u-s-co2-to-graphite-startup-homeostasis/,capture
2026-01-05,ONGC Launches First CCS Pilot At Gujarat’s Gandhar Oilfield,Capture,https://carbonherald.com/ongc-launches-first-ccs-pilot-at-gujarats-gandhar-oilfield/,capture
2026-01-05,"ENEOS, Sumitomo, And 44.01 Partner On New Carbon Mineralization Demonstration",Mineralization|Removal,https://carbonherald.com/eneos-sumitomo-and-44-01-partner-on-new-carbon-mineralization-demonstration/,removal
2026-01-05,Carbon Pipeline Issue Expected To Shape Iowa 2026 Legislative Agenda,Capture|Policy,https://carbonherald.com/carbon-pipeline-issue-expected-to-shape-iowa-2026-legislative-agenda/,capture
2026-01-05,Carba Inaugurates Innovative Molten Salt Pyrolysis Reactor,Biomass|Removal,https://carbonherald.com/carba-inaugurates-innovative-molten-salt-pyrolysis-reactor/,removal
2026-01-05,Can Massachusetts Turn Power-Hungry Data Centers Into Carbon Removal Engines,Direct Air Capture|Removal,https://carbonherald.com/can-massachusetts-turn-power-hungry-data-centers-into-carbon-removal-engines/,removal
